reads,CeccClass,length,copy_number,num_segments,confidence,regions
CeccDNA_000001.1_1,Cecc-InterChr,3528,3.0,3,0.712598,Chr1:4836134-4836221;Chr2:6672437-6672677;Chr1:4836220-4839422
CeccDNA_000001.1_2,Cecc-InterChr,3529,4.0,3,0.712598,Chr2:6672437-6672677;Chr1:4836134-4836221;Chr1:4836220-4839422
CeccDNA_000001.1_3,Cecc-InterChr,3529,3.0,3,0.712598,Chr1:4836134-4836221;Chr2:6672437-6672677;Chr1:4836220-4839422
CeccDNA_000001.1_4,Cecc-IntraChr,3531,3.0,2,0.712598,Chr1:4836134-4836221;Chr1:4836220-4839422
CeccDNA_000001.1_5,Cecc-IntraChr,3532,3.0,2,0.740439,Chr1:4836220-4839422;Chr1:4836134-4836221
CeccDNA_000001.1_6,Cecc-InterChr,3529,3.0,3,0.712598,Chr2:6672437-6672677;Chr1:4836134-4836221;Chr1:4836220-4839422
CeccDNA_000001.1_7,Cecc-InterChr,3529,5.0,2,0.712598,Chr1:4836134-4836221;Chr2:6672437-6672677
CeccDNA_000001.1_8,Cecc-InterChr,3529,3.0,3,0.712598,Chr2:6672437-6672677;Chr1:4836134-4836221;Chr1:4836220-4839422
CeccDNA_000003.1_14,Cecc-IntraChr,7494,2.0,2,0.712598,ChrC:1743-3211;ChrC:3210-6435
CeccDNA_000003.1_16,Cecc-InterChr,7479,3.0,2,0.712598,Chr3:18362629-18365415;ChrC:1743-3211
CeccDNA_000003.1_17,Cecc-InterChr,7481,2.0,2,0.712598,Chr3:18362629-18365415;ChrC:3210-6435
CeccDNA_000003.1_3,Cecc-InterChr,7484,3.0,3,0.712598,ChrC:1743-3211;Chr3:18362629-18365415;ChrC:3210-6435
CeccDNA_000003.1_6,Cecc-InterChr,7479,2.0,2,0.712598,Chr3:18362629-18365415;ChrC:1743-3211
CeccDNA_000003.1_8,Cecc-IntraChr,7479,2.0,2,0.712598,ChrC:1743-3211;ChrC:3210-6435
CeccDNA_000003.1_9,Cecc-InterChr,7479,2.0,3,0.712598,Chr3:18362629-18365415;ChrC:3210-6435;ChrC:1743-3211
CeccDNA_000004.1_1,Cecc-IntraChr,4094,4.0,2,0.712598,Chr2:6672587-6672678;Chr2:6672437-6672589
CeccDNA_000004.1_10,Cecc-InterChr,4094,3.0,3,0.712598,Chr2:6672437-6672589;Chr2:6672587-6672678;Chr5:2381244-2385095
CeccDNA_000004.1_2,Cecc-InterChr,4092,2.0,3,0.712598,Chr2:6672437-6672589;Chr2:6672587-6672678;Chr5:2381244-2385095
CeccDNA_000004.1_3,Cecc-IntraChr,4093,2.0,2,0.712598,Chr2:6672587-6672678;Chr2:6672437-6672589
CeccDNA_000004.1_4,Cecc-InterChr,4094,3.0,3,0.712598,Chr2:6672437-6672589;Chr2:6672587-6672678;Chr5:2381244-2385095
CeccDNA_000004.1_5,Cecc-InterChr,4094,5.0,3,0.712598,Chr2:6672587-6672678;Chr2:6672437-6672589;Chr5:2381244-2385095
CeccDNA_000004.1_6,Cecc-InterChr,4094,3.0,3,0.712598,Chr2:6672437-6672589;Chr2:6672587-6672678;Chr5:2381244-2385095
CeccDNA_000004.1_7,Cecc-InterChr,4094,4.0,2,0.740053,Chr5:2381244-2385095;Chr2:6672587-6672678
CeccDNA_000004.1_8,Cecc-IntraChr,4094,4.0,2,0.712598,Chr2:6672437-6672589;Chr2:6672587-6672678
CeccDNA_000004.1_9,Cecc-IntraChr,4095,5.0,2,0.712598,Chr2:6672587-6672678;Chr2:6672437-6672589
CeccDNA_000005.1_23,Cecc-IntraChr,9189,2.0,2,0.712598,Chr2:18536638-18540309;Chr2:18536097-18536638
CeccDNA_000006.1_3,Cecc-InterChr,4418,2.0,2,0.774299,Chr1:6791333-6793693;Chr2:11704235-11706275
CeccDNA_000007.1_1,Cecc-InterChr,5309,3.0,3,0.712598,Chr1:6741062-6742680;Chr1:6740135-6741062;Chr2:11156850-11159614
CeccDNA_000007.1_10,Cecc-IntraChr,5308,2.0,2,0.712598,Chr1:6740135-6741062;Chr1:6741062-6742680
CeccDNA_000007.1_4,Cecc-InterChr,5307,2.0,3,0.712598,Chr1:6740135-6741062;Chr1:6741062-6742680;Chr2:11156850-11159614
CeccDNA_000007.1_5,Cecc-IntraChr,5331,3.0,2,0.712598,Chr1:6741062-6742680;Chr1:6740135-6741062
CeccDNA_000007.1_6,Cecc-InterChr,5309,2.0,3,0.712598,Chr1:6741062-6742680;Chr2:11156850-11159614;Chr1:6740135-6741062
CeccDNA_000007.1_7,Cecc-InterChr,5310,2.0,3,0.712598,Chr1:6740135-6741062;Chr2:11156850-11159614;Chr1:6741062-6742680
CeccDNA_000007.1_8,Cecc-InterChr,5309,5.0,3,0.712598,Chr1:6740135-6741062;Chr1:6741062-6742680;Chr2:11156850-11159614
CeccDNA_000008.1_1,Cecc-InterChr,5049,2.0,2,0.712598,Chr3:20559438-20560350;Chr2:9746834-9748813
CeccDNA_000008.1_10,Cecc-InterChr,5051,2.0,3,0.712598,Chr3:20559438-20560350;Chr2:9744674-9746833;Chr2:9746834-9748813
CeccDNA_000008.1_11,Cecc-InterChr,5050,3.0,3,0.712598,Chr2:9744674-9746833;Chr3:20559438-20560350;Chr2:9746834-9748813
CeccDNA_000008.1_12,Cecc-InterChr,5050,2.0,3,0.712598,Chr3:20559438-20560350;Chr2:9744674-9746833;Chr2:9746834-9748813
CeccDNA_000008.1_13,Cecc-InterChr,5052,3.0,3,0.712598,Chr3:20559438-20560350;Chr2:9746834-9748813;Chr2:9744674-9746833
CeccDNA_000008.1_14,Cecc-IntraChr,5050,3.0,2,0.712598,Chr2:9744674-9746833;Chr2:9746834-9748813
CeccDNA_000008.1_15,Cecc-InterChr,5050,3.0,2,0.712598,Chr3:20559438-20560350;Chr2:9746834-9748813
CeccDNA_000008.1_16,Cecc-InterChr,5051,3.0,2,0.712598,Chr3:20559438-20560350;Chr2:9744674-9746833
CeccDNA_000008.1_3,Cecc-InterChr,5050,2.0,3,0.712598,Chr2:9746834-9748813;Chr2:9744674-9746833;Chr3:20559438-20560350
CeccDNA_000008.1_4,Cecc-InterChr,5049,3.0,2,0.712598,Chr2:9746834-9748813;Chr3:20559438-20560350
CeccDNA_000008.1_6,Cecc-InterChr,5051,3.0,2,0.712598,Chr2:9746834-9748813;Chr3:20559438-20560350
CeccDNA_000008.1_7,Cecc-InterChr,5050,2.0,3,0.712598,Chr2:9744674-9746833;Chr3:20559438-20560350;Chr2:9746834-9748813
CeccDNA_000008.1_8,Cecc-InterChr,5053,3.0,2,0.712528,Chr2:9746834-9748812;Chr3:20559438-20560350
CeccDNA_000008.1_9,Cecc-InterChr,5050,4.0,3,0.712598,Chr2:9744674-9746833;Chr3:20559438-20560350;Chr2:9746834-9748813
CeccDNA_000009.1_2,Cecc-IntraChr,5773,3.0,2,0.712537,Chr1:32137577-32137689;Chr1:32137687-32139561
CeccDNA_000009.1_3,Cecc-InterChr,5762,2.0,3,0.712598,Chr1:32137687-32139561;Chr1:32137577-32137687;Chr5:25419195-25422968
CeccDNA_000009.1_4,Cecc-InterChr,5757,4.0,2,0.74021,Chr1:32137687-32139561;Chr5:25419195-25422968
CeccDNA_000009.1_6,Cecc-IntraChr,5757,2.0,2,0.712598,Chr1:32137577-32137687;Chr1:32137687-32139561
CeccDNA_000009.1_7,Cecc-IntraChr,5756,2.0,2,0.712598,Chr1:32137687-32139561;Chr1:32137577-32137687
CeccDNA_000010.1_1,Cecc-InterChr,4642,3.0,3,0.712598,Chr3:6283566-6285915;Chr3:6282438-6283566;Chr4:3169960-3171125
CeccDNA_000010.1_2,Cecc-InterChr,4642,2.0,3,0.712598,Chr4:3169960-3171125;Chr3:6282438-6283566;Chr3:6283566-6285915
CeccDNA_000010.1_3,Cecc-InterChr,4642,2.0,2,0.712598,Chr4:3169960-3171125;Chr3:6283566-6285915
CeccDNA_000010.1_4,Cecc-InterChr,4644,3.0,2,0.712598,Chr4:3169960-3171125;Chr3:6282438-6283566
CeccDNA_000010.1_5,Cecc-InterChr,4640,2.0,2,0.712598,Chr4:3169960-3171125;Chr3:6283566-6285915
CeccDNA_000012.1_14,Cecc-InterChr,7256,2.0,3,0.712598,ChrC:1743-6435;Chr4:20619545-20619693;Chr4:20619693-20622107
CeccDNA_000012.1_4,Cecc-InterChr,7256,2.0,3,0.712598,ChrC:1743-6435;Chr4:20619545-20619693;Chr4:20619693-20622107
CeccDNA_000012.1_5,Cecc-InterChr,7266,2.0,3,0.712525,Chr4:20619693-20622107;Chr4:20619545-20619693;ChrC:1743-6431
CeccDNA_000012.1_6,Cecc-IntraChr,7253,2.0,2,0.712598,Chr4:20619545-20619693;Chr4:20619693-20622107
CeccDNA_000013.1_4,Cecc-InterChr,5408,3.0,3,0.740596,Chr4:9492623-9494389;Chr2:20572086-20572573;Chr1:4650241-4651368
CeccDNA_000014.1_1,Cecc-InterChr,5288,4.0,4,0.740596,Chr1:8227341-8228242;Chr1:8227105-8227341;Chr3:5694565-5694999;Chr4:18194780-18198497
CeccDNA_000014.1_10,Cecc-InterChr,5288,2.0,4,0.740596,Chr4:18194780-18198497;Chr3:5694565-5694999;Chr1:8227105-8227341;Chr1:8227341-8228242
CeccDNA_000014.1_11,Cecc-InterChr,5288,3.0,3,0.740596,Chr1:8227105-8227341;Chr3:5694565-5694999;Chr4:18194780-18198497
CeccDNA_000014.1_12,Cecc-InterChr,5288,4.0,4,0.740596,Chr3:5694565-5694999;Chr1:8227105-8227341;Chr1:8227341-8228242;Chr4:18194780-18198497
CeccDNA_000014.1_15,Cecc-InterChr,5288,4.0,3,0.740596,Chr1:8227341-8228242;Chr1:8227105-8227341;Chr3:5694565-5694999
CeccDNA_000014.1_2,Cecc-InterChr,5288,5.0,3,0.740596,Chr4:18194780-18198497;Chr3:5694565-5694999;Chr1:8227105-8227341
CeccDNA_000014.1_3,Cecc-InterChr,5291,3.0,4,0.740456,Chr1:8227341-8228242;Chr1:8227105-8227341;Chr3:5694565-5694999;Chr4:18194780-18198494
CeccDNA_000014.1_4,Cecc-InterChr,5289,3.0,3,0.740596,Chr3:5694565-5694999;Chr1:8227105-8227341;Chr1:8227341-8228242
CeccDNA_000014.1_5,Cecc-InterChr,5288,3.0,3,0.740596,Chr4:18194780-18198497;Chr1:8227341-8228242;Chr1:8227105-8227341
CeccDNA_000014.1_7,Cecc-InterChr,5289,2.0,4,0.740596,Chr1:8227341-8228242;Chr1:8227105-8227341;Chr3:5694565-5694999;Chr4:18194780-18198497
CeccDNA_000015.1_10,Cecc-InterChr,6870,3.0,2,0.74034,ChrC:2105-6435;Chr3:24551576-24553754
CeccDNA_000015.1_11,Cecc-IntraChr,6874,3.0,2,0.712598,ChrC:2105-6435;ChrC:1743-2105
CeccDNA_000015.1_12,Cecc-InterChr,6870,2.0,3,0.712598,ChrC:1743-2105;ChrC:2105-6435;Chr3:24551576-24553754
CeccDNA_000015.1_4,Cecc-InterChr,6870,4.0,3,0.712598,Chr3:24551576-24553754;ChrC:1743-2105;ChrC:2105-6435
CeccDNA_000015.1_5,Cecc-InterChr,6871,2.0,3,0.712598,ChrC:1743-2105;Chr3:24551576-24553754;ChrC:2105-6435
CeccDNA_000015.1_9,Cecc-InterChr,6873,2.0,3,0.712598,ChrC:1743-2105;Chr3:24551576-24553754;ChrC:2105-6434
CeccDNA_000016.1_11,Cecc-IntraChr,5935,2.0,2,0.712598,Chr1:22070960-22072158;Chr1:22070919-22070960
CeccDNA_000016.1_12,Cecc-InterChr,5934,3.0,3,0.712598,Chr1:22070919-22070960;Chr1:22070960-22072158;ChrC:1743-6435
CeccDNA_000016.1_13,Cecc-InterChr,5936,2.0,3,0.712598,Chr1:22070960-22072158;Chr1:22070919-22070960;ChrC:1743-6435
CeccDNA_000016.1_14,Cecc-InterChr,5936,2.0,3,0.712553,Chr1:22070919-22070960;Chr1:22070960-22072158;ChrC:1743-6435
CeccDNA_000016.1_15,Cecc-IntraChr,5930,2.0,2,0.712598,Chr1:22070960-22072158;Chr1:22070919-22070960
CeccDNA_000016.1_18,Cecc-InterChr,5927,2.0,3,0.712598,ChrC:1743-6435;Chr1:22070919-22070960;Chr1:22070960-22072158
CeccDNA_000016.1_21,Cecc-InterChr,5934,3.0,3,0.712598,Chr1:22070960-22072158;Chr1:22070919-22070960;ChrC:1743-6435
CeccDNA_000016.1_23,Cecc-IntraChr,5930,2.0,2,0.712478,Chr1:22070960-22072158;Chr1:22070919-22070960
CeccDNA_000016.1_24,Cecc-IntraChr,5931,4.0,2,0.712598,Chr1:22070919-22070960;Chr1:22070960-22072158
CeccDNA_000016.1_26,Cecc-InterChr,5932,2.0,3,0.712598,Chr1:22070919-22070960;Chr1:22070960-22072158;ChrC:1743-6435
CeccDNA_000016.1_3,Cecc-InterChr,5935,2.0,3,0.712598,Chr1:22070960-22072158;Chr1:22070919-22070960;ChrC:1743-6435
CeccDNA_000016.1_6,Cecc-InterChr,5935,2.0,3,0.712598,Chr1:22070919-22070960;Chr1:22070960-22072158;ChrC:1743-6435
CeccDNA_000016.1_8,Cecc-IntraChr,5930,3.0,2,0.712598,Chr1:22070919-22070960;Chr1:22070960-22072158
CeccDNA_000016.1_9,Cecc-IntraChr,5931,2.0,2,0.712598,Chr1:22070960-22072158;Chr1:22070919-22070960
CeccDNA_000017.1_1,Cecc-InterChr,3079,5.0,2,0.712598,Chr2:17614903-17616141;Chr3:8419490-8419581
CeccDNA_000017.1_2,Cecc-InterChr,3078,5.0,2,0.712598,Chr3:8419490-8419581;Chr2:17614903-17616141
CeccDNA_000017.1_3,Cecc-InterChr,3079,3.0,3,0.712598,Chr3:8419490-8419581;Chr3:8417740-8419490;Chr2:17614903-17616141
CeccDNA_000017.1_4,Cecc-InterChr,3078,3.0,2,0.712598,Chr3:8419490-8419581;Chr2:17614903-17616141
CeccDNA_000017.1_5,Cecc-InterChr,3081,5.0,3,0.712598,Chr2:17614903-17616141;Chr3:8419490-8419581;Chr3:8417740-8419490
CeccDNA_000018.1_4,Cecc-InterChr,10007,2.0,3,0.740596,ChrC:1743-3578;ChrC:3578-6435;Chr2:6616451-6617346
CeccDNA_000019.1_10,Cecc-InterChr,7107,2.0,3,0.712598,Chr1:29757426-29760657;Chr1:29760657-29761720;Chr2:2170131-2172943
CeccDNA_000019.1_13,Cecc-InterChr,7105,2.0,3,0.712598,Chr1:29760657-29761720;Chr1:29757426-29760657;Chr2:2170131-2172943
CeccDNA_000019.1_15,Cecc-InterChr,7109,2.0,2,0.712598,Chr1:29757426-29760657;Chr2:2170131-2172943
CeccDNA_000019.1_19,Cecc-InterChr,7105,2.0,2,0.712598,Chr2:2170131-2172943;Chr1:29760657-29761720
CeccDNA_000019.1_20,Cecc-InterChr,7108,2.0,3,0.712598,Chr1:29757426-29760657;Chr1:29760657-29761720;Chr2:2170131-2172943
CeccDNA_000019.1_21,Cecc-InterChr,7106,3.0,2,0.712598,Chr2:2170131-2172943;Chr1:29760657-29761720
CeccDNA_000019.1_24,Cecc-IntraChr,7106,2.0,2,0.712598,Chr1:29757426-29760657;Chr1:29760657-29761720
CeccDNA_000019.1_25,Cecc-InterChr,7109,2.0,3,0.712548,Chr1:29760657-29761720;Chr1:29757426-29760657;Chr2:2170131-2172943
CeccDNA_000019.1_3,Cecc-InterChr,7109,2.0,2,0.712598,Chr1:29757426-29760657;Chr2:2170131-2172943
CeccDNA_000019.1_4,Cecc-InterChr,7107,3.0,3,0.712598,Chr2:2170131-2172943;Chr1:29757426-29760657;Chr1:29760657-29761720
CeccDNA_000019.1_5,Cecc-InterChr,7108,2.0,2,0.712598,Chr1:29757426-29760657;Chr2:2170131-2172943
CeccDNA_000019.1_6,Cecc-IntraChr,7107,3.0,2,0.712598,Chr1:29757426-29760657;Chr1:29760657-29761720
CeccDNA_000022.1_9,Cecc-InterChr,12386,2.0,3,0.740596,Chr3:6369689-6372716;ChrC:5428-6435;ChrC:1743-5428
CeccDNA_000023.1_13,Cecc-InterChr,7781,3.0,2,0.77461,Chr5:23671057-23674143;ChrC:1766-6436
CeccDNA_000023.1_15,Cecc-InterChr,7778,2.0,2,0.774598,ChrC:1766-6436;Chr5:23671057-23674143
CeccDNA_000023.1_25,Cecc-InterChr,7776,2.0,2,0.77461,Chr5:23671057-23674143;ChrC:1766-6436
CeccDNA_000025.1_2,Cecc-InterChr,4879,3.0,3,0.712598,Chr2:13416146-13417972;Chr2:13417973-13419045;Chr5:21711885-21713866
CeccDNA_000025.1_3,Cecc-InterChr,4878,3.0,2,0.712598,Chr5:21711885-21713866;Chr2:13417973-13419045
CeccDNA_000025.1_4,Cecc-InterChr,4880,3.0,3,0.712598,Chr2:13417973-13419045;Chr5:21711885-21713866;Chr2:13416146-13417972
CeccDNA_000025.1_5,Cecc-InterChr,4879,4.0,3,0.712598,Chr2:13417973-13419045;Chr2:13416146-13417972;Chr5:21711885-21713866
CeccDNA_000025.1_6,Cecc-InterChr,4879,3.0,2,0.740026,Chr2:13417973-13419045;Chr5:21711885-21713866
CeccDNA_000025.1_7,Cecc-InterChr,4877,2.0,2,0.712598,Chr5:21711885-21713866;Chr2:13417973-13419045
CeccDNA_000025.1_8,Cecc-InterChr,4879,2.0,3,0.712598,Chr2:13417973-13419045;Chr5:21711885-21713866;Chr2:13416146-13417972
CeccDNA_000025.1_9,Cecc-InterChr,4879,3.0,3,0.712598,Chr2:13417973-13419045;Chr2:13416146-13417972;Chr5:21711885-21713866
CeccDNA_000026.1_1,Cecc-InterChr,3802,4.0,3,0.712598,Chr2:19918924-19919331;Chr2:19918377-19918924;Chr4:19394897-19397745
CeccDNA_000026.1_10,Cecc-IntraChr,3802,3.0,2,0.712598,Chr2:19918377-19918924;Chr2:19918924-19919331
CeccDNA_000026.1_2,Cecc-InterChr,3802,4.0,3,0.712598,Chr2:19918377-19918924;Chr2:19918924-19919331;Chr4:19394897-19397745
CeccDNA_000026.1_3,Cecc-IntraChr,3803,3.0,2,0.712598,Chr2:19918924-19919331;Chr2:19918377-19918924
CeccDNA_000026.1_4,Cecc-InterChr,3802,4.0,2,0.712598,Chr4:19394897-19397745;Chr2:19918377-19918924
CeccDNA_000026.1_5,Cecc-IntraChr,3802,4.0,2,0.712598,Chr2:19918924-19919331;Chr2:19918377-19918924
CeccDNA_000026.1_6,Cecc-IntraChr,3802,3.0,2,0.712598,Chr2:19918377-19918924;Chr2:19918924-19919331
CeccDNA_000026.1_7,Cecc-InterChr,3802,3.0,3,0.712598,Chr2:19918924-19919331;Chr2:19918377-19918924;Chr4:19394897-19397745
CeccDNA_000026.1_8,Cecc-IntraChr,3802,3.0,2,0.712598,Chr2:19918377-19918924;Chr2:19918924-19919331
CeccDNA_000026.1_9,Cecc-InterChr,3808,4.0,3,0.712598,Chr4:19394897-19397745;Chr2:19918924-19919331;Chr2:19918377-19918924
CeccDNA_000027.1_11,Cecc-InterChr,6072,3.0,3,0.712598,Chr2:11156850-11159613;Chr1:8514438-8514757;Chr1:8511448-8514439
CeccDNA_000027.1_12,Cecc-InterChr,6072,2.0,3,0.712598,Chr1:8514438-8514757;Chr2:11156850-11159613;Chr1:8511448-8514439
CeccDNA_000027.1_13,Cecc-InterChr,6076,2.0,3,0.712598,Chr2:11156850-11159613;Chr1:8514438-8514757;Chr1:8511448-8514439
CeccDNA_000027.1_14,Cecc-InterChr,6073,2.0,2,0.712598,Chr1:8514438-8514757;Chr2:11156850-11159613
CeccDNA_000027.1_15,Cecc-InterChr,6073,3.0,3,0.712598,Chr2:11156850-11159613;Chr1:8514438-8514757;Chr1:8511448-8514439
CeccDNA_000027.1_16,Cecc-InterChr,6080,2.0,2,0.712598,Chr2:11156850-11159613;Chr1:8511448-8514439
CeccDNA_000027.1_2,Cecc-InterChr,6073,2.0,3,0.712598,Chr1:8511448-8514439;Chr1:8514438-8514757;Chr2:11156850-11159613
CeccDNA_000027.1_4,Cecc-InterChr,6075,2.0,3,0.712598,Chr2:11156850-11159613;Chr1:8511448-8514439;Chr1:8514438-8514757
CeccDNA_000027.1_5,Cecc-IntraChr,6077,2.0,2,0.712598,Chr1:8514438-8514757;Chr1:8511448-8514439
CeccDNA_000027.1_7,Cecc-InterChr,6073,2.0,3,0.712598,Chr2:11156850-11159613;Chr1:8514438-8514757;Chr1:8511448-8514439
CeccDNA_000027.1_8,Cecc-InterChr,6095,2.0,2,0.712598,Chr1:8514438-8514758;Chr2:11156850-11159613
CeccDNA_000027.1_9,Cecc-IntraChr,6073,2.0,2,0.712598,Chr1:8514438-8514757;Chr1:8511448-8514439
CeccDNA_000028.1_14,Cecc-InterChr,9413,3.0,2,0.712598,Chr3:2414071-2415785;ChrC:1742-6435
CeccDNA_000028.1_30,Cecc-InterChr,9424,2.0,2,0.712485,Chr3:2414071-2415785;ChrC:1742-6435
CeccDNA_000028.1_36,Cecc-InterChr,9415,2.0,2,0.712598,ChrC:1742-6435;Chr3:2411063-2414070
CeccDNA_000028.1_7,Cecc-InterChr,9428,2.0,3,0.712598,ChrC:1742-6435;Chr3:2414071-2415785;Chr3:2411063-2414070
CeccDNA_000029.1_1,Cecc-InterChr,2422,4.0,3,0.712598,Chr2:16787115-16787547;Chr5:8455441-8456442;Chr5:8454452-8455441
CeccDNA_000030.1_1,Cecc-InterChr,4846,2.0,3,0.712598,Chr2:11517914-11519265;Chr2:11517464-11517914;Chr4:17904673-17907719
CeccDNA_000030.1_10,Cecc-InterChr,4848,4.0,3,0.712598,Chr2:11517464-11517914;Chr2:11517914-11519265;Chr4:17904673-17907719
CeccDNA_000030.1_11,Cecc-IntraChr,4846,2.0,2,0.712598,Chr2:11517914-11519265;Chr2:11517464-11517914
CeccDNA_000030.1_13,Cecc-IntraChr,4846,2.0,2,0.712598,Chr2:11517914-11519265;Chr2:11517464-11517914
CeccDNA_000030.1_14,Cecc-InterChr,4848,3.0,3,0.712598,Chr4:17904673-17907719;Chr2:11517464-11517914;Chr2:11517914-11519265
CeccDNA_000030.1_15,Cecc-InterChr,4846,2.0,3,0.712598,Chr2:11517914-11519265;Chr2:11517464-11517914;Chr4:17904673-17907719
CeccDNA_000030.1_17,Cecc-IntraChr,4847,2.0,2,0.712598,Chr2:11517914-11519265;Chr2:11517464-11517914
CeccDNA_000030.1_18,Cecc-InterChr,4847,2.0,2,0.712598,Chr4:17904673-17907719;Chr2:11517464-11517914
CeccDNA_000030.1_3,Cecc-IntraChr,4846,2.0,2,0.712598,Chr2:11517914-11519265;Chr2:11517464-11517914
CeccDNA_000030.1_5,Cecc-InterChr,4847,4.0,3,0.712598,Chr2:11517914-11519265;Chr2:11517464-11517914;Chr4:17904673-17907719
CeccDNA_000030.1_6,Cecc-InterChr,4847,4.0,2,0.712598,Chr4:17904673-17907719;Chr2:11517464-11517914
CeccDNA_000030.1_7,Cecc-InterChr,4848,2.0,3,0.712598,Chr2:11517914-11519265;Chr2:11517464-11517914;Chr4:17904673-17907719
CeccDNA_000030.1_8,Cecc-InterChr,4847,2.0,3,0.712598,Chr4:17904673-17907719;Chr2:11517464-11517914;Chr2:11517914-11519265
CeccDNA_000030.1_9,Cecc-InterChr,4847,3.0,3,0.712598,Chr4:17904673-17907719;Chr2:11517914-11519265;Chr2:11517464-11517914
CeccDNA_000031.1_1,Cecc-InterChr,3896,2.0,3,0.712598,Chr3:19340697-19341548;Chr4:17905897-17907719;Chr4:17904673-17905896
CeccDNA_000031.1_10,Cecc-IntraChr,3896,4.0,2,0.712598,Chr4:17904673-17905896;Chr4:17905897-17907719
CeccDNA_000031.1_11,Cecc-IntraChr,3896,4.0,2,0.712598,Chr4:17905897-17907719;Chr4:17904673-17905896
CeccDNA_000031.1_2,Cecc-InterChr,3896,5.0,3,0.712598,Chr3:19340697-19341548;Chr4:17904673-17905896;Chr4:17905897-17907719
CeccDNA_000031.1_3,Cecc-InterChr,3896,4.0,3,0.712598,Chr3:19340697-19341548;Chr4:17905897-17907719;Chr4:17904673-17905896
CeccDNA_000031.1_4,Cecc-InterChr,3895,3.0,3,0.712598,Chr3:19340697-19341548;Chr4:17904673-17905896;Chr4:17905897-17907719
CeccDNA_000031.1_5,Cecc-InterChr,3896,6.0,2,0.712598,Chr3:19340697-19341548;Chr4:17905897-17907719
CeccDNA_000031.1_6,Cecc-InterChr,3900,2.0,2,0.712598,Chr3:19340697-19341548;Chr4:17904673-17905896
CeccDNA_000031.1_7,Cecc-InterChr,3896,3.0,3,0.712598,Chr4:17904673-17905896;Chr3:19340697-19341548;Chr4:17905897-17907719
CeccDNA_000031.1_8,Cecc-InterChr,3896,3.0,2,0.712598,Chr4:17905897-17907719;Chr3:19340697-19341548
CeccDNA_000031.1_9,Cecc-IntraChr,3896,4.0,2,0.712598,Chr4:17905897-17907719;Chr4:17904673-17905896
CeccDNA_000032.1_1,Cecc-InterChr,2885,5.0,3,0.712598,Chr4:10189827-10190316;Chr5:4229283-4230167;Chr4:10190315-10191827
CeccDNA_000032.1_2,Cecc-InterChr,2885,6.0,2,0.712598,Chr5:4229283-4230167;Chr4:10189827-10190316
CeccDNA_000032.1_3,Cecc-IntraChr,2885,6.0,2,0.712598,Chr4:10190315-10191827;Chr4:10189827-10190316
CeccDNA_000033.1_2,Cecc-IntraChr,4172,2.0,2,0.712598,Chr4:11445777-11446889;Chr4:11446890-11449637
CeccDNA_000034.1_1,Cecc-InterChr,4093,2.0,2,0.712598,Chr5:20940228-20940680;Chr1:21441964-21443961
CeccDNA_000034.1_2,Cecc-InterChr,4099,2.0,3,0.712555,Chr5:20940228-20940681;Chr5:20940679-20942324;Chr1:21441965-21443961
CeccDNA_000034.1_3,Cecc-InterChr,4094,3.0,2,0.712598,Chr5:20940228-20940680;Chr1:21441964-21443961
CeccDNA_000034.1_4,Cecc-InterChr,4095,2.0,2,0.712598,Chr1:21441964-21443961;Chr5:20940228-20940680
CeccDNA_000035.1_10,Cecc-IntraChr,8009,2.0,2,0.712598,Chr2:7946093-7946646;Chr2:7946646-7950538
CeccDNA_000036.1_1,Cecc-IntraChr,5258,3.0,2,0.712598,ChrC:2882-6435;ChrC:1743-2883
CeccDNA_000036.1_2,Cecc-InterChr,5259,2.0,3,0.712598,ChrC:1743-2883;ChrC:2882-6435;Chr3:1067344-1067910
CeccDNA_000036.1_3,Cecc-InterChr,5261,2.0,2,0.712598,ChrC:1743-2883;Chr3:1067344-1067910
CeccDNA_000036.1_4,Cecc-InterChr,5262,2.0,2,0.712598,Chr3:1067344-1067910;ChrC:1743-2883
CeccDNA_000036.1_5,Cecc-InterChr,5259,4.0,2,0.712598,ChrC:1743-2883;Chr3:1067344-1067910
CeccDNA_000036.1_6,Cecc-InterChr,5259,4.0,3,0.712598,Chr3:1067344-1067910;ChrC:1743-2883;ChrC:2882-6435
CeccDNA_000036.1_7,Cecc-InterChr,5260,2.0,3,0.712598,ChrC:1743-2883;Chr3:1067344-1067910;ChrC:2882-6435
CeccDNA_000036.1_8,Cecc-InterChr,5261,3.0,3,0.712598,Chr3:1067344-1067910;ChrC:1743-2883;ChrC:2882-6435
CeccDNA_000037.1_5,Cecc-InterChr,8084,2.0,3,0.712598,Chr1:2169352-2169931;Chr2:10672463-10676300;Chr1:2169931-2173599
CeccDNA_000038.1_2,Cecc-IntraChr,9060,2.0,2,0.712598,ChrC:1743-5117;ChrC:5116-6435
CeccDNA_000038.1_4,Cecc-InterChr,9072,2.0,2,0.712598,Chr3:21779749-21784116;ChrC:1743-5117
CeccDNA_000041.1_1,Cecc-IntraChr,4480,2.0,2,0.712598,Chr1:4701865-4703960;Chr1:4700291-4701863
CeccDNA_000041.1_10,Cecc-InterChr,4478,3.0,3,0.712598,Chr4:18792391-18793203;Chr1:4700291-4701863;Chr1:4701865-4703960
CeccDNA_000041.1_11,Cecc-InterChr,4484,3.0,2,0.712598,Chr1:4700291-4701863;Chr4:18792391-18793203
CeccDNA_000041.1_12,Cecc-IntraChr,4479,4.0,2,0.712598,Chr1:4700291-4701863;Chr1:4701865-4703960
CeccDNA_000041.1_13,Cecc-InterChr,4479,3.0,3,0.712598,Chr4:18792391-18793203;Chr1:4701865-4703960;Chr1:4700291-4701863
CeccDNA_000041.1_14,Cecc-InterChr,4479,2.0,2,0.712598,Chr4:18792391-18793203;Chr1:4700291-4701863
CeccDNA_000041.1_2,Cecc-InterChr,4479,4.0,3,0.712598,Chr1:4701865-4703960;Chr4:18792391-18793203;Chr1:4700291-4701863
CeccDNA_000041.1_3,Cecc-InterChr,4478,3.0,3,0.712598,Chr1:4700291-4701863;Chr4:18792391-18793203;Chr1:4701865-4703960
CeccDNA_000041.1_4,Cecc-InterChr,4479,2.0,3,0.712598,Chr1:4701865-4703960;Chr4:18792391-18793203;Chr1:4700291-4701863
CeccDNA_000041.1_5,Cecc-InterChr,4479,3.0,3,0.712598,Chr1:4700291-4701863;Chr4:18792391-18793203;Chr1:4701865-4703960
CeccDNA_000041.1_6,Cecc-InterChr,4480,2.0,3,0.712598,Chr1:4700291-4701863;Chr1:4701865-4703960;Chr4:18792391-18793203
CeccDNA_000041.1_7,Cecc-InterChr,4479,4.0,3,0.712598,Chr1:4700291-4701863;Chr4:18792391-18793203;Chr1:4701865-4703960
CeccDNA_000041.1_8,Cecc-InterChr,4479,3.0,3,0.712598,Chr1:4700291-4701863;Chr1:4701865-4703960;Chr4:18792391-18793203
CeccDNA_000041.1_9,Cecc-InterChr,4479,4.0,2,0.712598,Chr4:18792391-18793203;Chr1:4701865-4703960
CeccDNA_000042.1_16,Cecc-InterChr,9510,2.0,3,0.712523,Chr4:19972712-19973726;Chr1:20975746-20980446;Chr4:19968918-19972712
CeccDNA_000042.1_3,Cecc-InterChr,9516,2.0,3,0.712598,Chr1:20975746-20980446;Chr4:19972712-19973723;Chr4:19968912-19972712
CeccDNA_000043.1_1,Cecc-InterChr,5282,3.0,2,0.712598,Chr1:2512390-2513915;Chr4:11333679-11334725
CeccDNA_000043.1_13,Cecc-IntraChr,5282,2.0,2,0.712598,Chr4:11333679-11334725;Chr4:11330969-11333680
CeccDNA_000043.1_15,Cecc-InterChr,5282,3.0,2,0.712598,Chr1:2512390-2513915;Chr4:11333679-11334725
CeccDNA_000043.1_16,Cecc-InterChr,5283,2.0,2,0.712598,Chr4:11333679-11334725;Chr1:2512390-2513915
CeccDNA_000043.1_17,Cecc-InterChr,5286,3.0,3,0.712598,Chr1:2512390-2513915;Chr4:11333679-11334725;Chr4:11330969-11333680
CeccDNA_000043.1_18,Cecc-InterChr,5283,2.0,3,0.712598,Chr1:2512390-2513915;Chr4:11330969-11333680;Chr4:11333679-11334725
CeccDNA_000043.1_19,Cecc-InterChr,5293,2.0,2,0.712598,Chr4:11330969-11333680;Chr1:2512390-2513915
CeccDNA_000043.1_21,Cecc-InterChr,5282,3.0,3,0.712598,Chr4:11333679-11334725;Chr4:11330969-11333680;Chr1:2512390-2513915
CeccDNA_000043.1_6,Cecc-InterChr,5281,2.0,3,0.712598,Chr4:11333679-11334725;Chr1:2512390-2513915;Chr4:11330969-11333680
CeccDNA_000043.1_7,Cecc-InterChr,5285,3.0,3,0.712598,Chr1:2512390-2513915;Chr4:11333679-11334725;Chr4:11330969-11333680
CeccDNA_000043.1_8,Cecc-InterChr,5283,3.0,3,0.712598,Chr1:2512390-2513915;Chr4:11330969-11333680;Chr4:11333679-11334725
CeccDNA_000043.1_9,Cecc-InterChr,5279,4.0,3,0.712598,Chr4:11333679-11334725;Chr4:11330969-11333680;Chr1:2512390-2513915
CeccDNA_000045.1_11,Cecc-InterChr,8067,2.0,3,0.740596,Chr4:15973924-15976288;Chr3:12037333-12038344;ChrC:5953-6435
CeccDNA_000045.1_2,Cecc-InterChr,8072,3.0,4,0.740596,Chr4:15973924-15976287;ChrC:1743-5953;ChrC:5953-6435;Chr3:12037333-12038344
CeccDNA_000045.1_21,Cecc-InterChr,8067,2.0,4,0.740596,Chr4:15973924-15976288;Chr3:12037333-12038344;ChrC:5953-6435;ChrC:1743-5953
CeccDNA_000045.1_24,Cecc-InterChr,8063,3.0,3,0.740596,ChrC:1743-5953;ChrC:5953-6435;Chr3:12037333-12038344
CeccDNA_000045.1_5,Cecc-InterChr,8070,2.0,4,0.740596,Chr3:12037333-12038344;ChrC:5953-6435;ChrC:1743-5953;Chr4:15973924-15976288
CeccDNA_000045.1_8,Cecc-InterChr,8069,2.0,4,0.740596,Chr4:15973924-15976288;ChrC:1743-5953;ChrC:5953-6435;Chr3:12037333-12038344
CeccDNA_000047.1_2,Cecc-InterChr,8436,2.0,3,0.740552,Chr1:25820702-25821521;Chr1:25821521-25823212;Chr3:3957087-3958310
CeccDNA_000047.1_5,Cecc-InterChr,8424,3.0,4,0.740596,Chr3:3957087-3958310;Chr1:25821521-25823212;Chr1:25820702-25821521;ChrC:1743-6434
CeccDNA_000047.1_7,Cecc-InterChr,8425,3.0,3,0.740596,Chr1:25820702-25821521;ChrC:1743-6434;Chr3:3957087-3958310
CeccDNA_000048.1_12,Cecc-InterChr,7368,3.0,3,0.712598,Chr5:7016921-7018006;Chr5:7018006-7019597;ChrC:1743-6435
CeccDNA_000048.1_13,Cecc-InterChr,7367,3.0,2,0.712598,ChrC:1743-6435;Chr5:7018006-7019597
CeccDNA_000048.1_2,Cecc-InterChr,7367,3.0,3,0.712598,Chr5:7016921-7018006;Chr5:7018006-7019597;ChrC:1743-6435
CeccDNA_000048.1_4,Cecc-IntraChr,7369,2.0,2,0.712586,Chr5:7016921-7018006;Chr5:7018006-7019597
CeccDNA_000048.1_9,Cecc-InterChr,7369,2.0,3,0.712598,ChrC:1743-6435;Chr5:7018006-7019597;Chr5:7016921-7018006
CeccDNA_000049.1_1,Cecc-InterChr,3620,3.0,2,0.712598,Chr5:3593215-3594444;Chr3:11642930-11643028
CeccDNA_000049.1_10,Cecc-InterChr,3620,6.0,2,0.712598,Chr3:11642930-11643028;Chr5:3593215-3594444
CeccDNA_000049.1_2,Cecc-InterChr,3619,3.0,3,0.712598,Chr3:11642930-11643028;Chr5:3593215-3594444;Chr3:11640637-11642930
CeccDNA_000049.1_3,Cecc-IntraChr,3620,3.0,2,0.712598,Chr3:11642930-11643028;Chr3:11640637-11642930
CeccDNA_000049.1_4,Cecc-InterChr,3620,4.0,3,0.712598,Chr3:11642930-11643028;Chr5:3593215-3594444;Chr3:11640637-11642930
CeccDNA_000049.1_5,Cecc-InterChr,3620,3.0,2,0.712598,Chr5:3593215-3594444;Chr3:11642930-11643028
CeccDNA_000049.1_6,Cecc-InterChr,3620,5.0,3,0.712598,Chr3:11640637-11642930;Chr3:11642930-11643028;Chr5:3593215-3594444
CeccDNA_000049.1_8,Cecc-InterChr,3622,3.0,3,0.712525,Chr3:11640637-11642930;Chr3:11642930-11643028;Chr5:3593215-3594444
CeccDNA_000049.1_9,Cecc-InterChr,3620,5.0,3,0.712598,Chr3:11642930-11643028;Chr3:11640637-11642930;Chr5:3593215-3594444
CeccDNA_000050.1_3,Cecc-InterChr,7192,2.0,3,0.740545,Chr2:11157063-11159614;Chr2:11156850-11157063;Chr1:29398665-29401222
CeccDNA_000050.1_6,Cecc-InterChr,7186,2.0,3,0.740596,Chr1:29398665-29401222;Chr2:11156850-11157063;Chr2:11157063-11159614
CeccDNA_000050.1_7,Cecc-InterChr,7187,2.0,3,0.740493,Chr3:12608901-12610764;Chr2:11157064-11159609;Chr2:11156850-11157063
CeccDNA_000050.1_8,Cecc-InterChr,7188,2.0,3,0.740596,Chr3:12608901-12610764;Chr1:29398665-29401222;Chr2:11156850-11157063
CeccDNA_000051.1_1,Cecc-IntraChr,5756,3.0,2,0.712598,ChrC:3614-6435;ChrC:1743-3614
CeccDNA_000051.1_2,Cecc-InterChr,5751,2.0,2,0.712598,ChrC:3614-6435;Chr2:2286396-2287456
CeccDNA_000052.1_1,Cecc-IntraChr,1075,13.0,2,0.739906,Chr3:21116695-21116837;Chr3:21116411-21116695
CeccDNA_000052.1_2,Cecc-InterChr,1075,3.0,2,0.712598,Chr4:17579593-17580242;Chr3:21116411-21116695
CeccDNA_000053.1_1,Cecc-InterChr,2944,4.0,2,0.739935,Chr3:21213672-21216078;Chr5:28141610-28142091
CeccDNA_000053.1_10,Cecc-InterChr,2944,4.0,3,0.712598,Chr3:21213672-21216078;Chr3:21216078-21216135;Chr5:28141610-28142091
CeccDNA_000053.1_11,Cecc-InterChr,2944,3.0,3,0.712598,Chr5:28141610-28142091;Chr3:21216078-21216135;Chr3:21213672-21216078
CeccDNA_000053.1_2,Cecc-InterChr,2944,4.0,3,0.712598,Chr3:21216078-21216135;Chr5:28141610-28142091;Chr3:21213672-21216078
CeccDNA_000053.1_3,Cecc-IntraChr,2944,4.0,2,0.712598,Chr3:21216078-21216135;Chr3:21213672-21216078
CeccDNA_000053.1_4,Cecc-InterChr,2944,4.0,3,0.712598,Chr3:21213672-21216078;Chr3:21216078-21216135;Chr5:28141610-28142091
CeccDNA_000053.1_5,Cecc-InterChr,2944,4.0,2,0.712598,Chr5:28141610-28142091;Chr3:21216078-21216135
CeccDNA_000053.1_6,Cecc-InterChr,2945,3.0,3,0.712598,Chr3:21216078-21216135;Chr5:28141610-28142091;Chr3:21213672-21216078
CeccDNA_000053.1_7,Cecc-InterChr,2944,5.0,3,0.712598,Chr5:28141610-28142091;Chr3:21216078-21216135;Chr3:21213672-21216078
CeccDNA_000053.1_8,Cecc-IntraChr,2944,2.0,2,0.712598,Chr3:21213672-21216078;Chr3:21216078-21216135
CeccDNA_000053.1_9,Cecc-InterChr,2944,5.0,3,0.712598,Chr5:28141610-28142091;Chr3:21216078-21216135;Chr3:21213672-21216078
CeccDNA_000054.1_2,Cecc-InterChr,2345,5.0,2,0.774306,Chr5:2806375-2807795;Chr1:30770226-30771143
CeccDNA_000055.1_1,Cecc-InterChr,6144,2.0,4,0.740596,ChrC:1743-4001;Chr1:29689161-29690292;Chr4:14784790-14785112;ChrC:4001-6435
CeccDNA_000055.1_10,Cecc-InterChr,6147,2.0,3,0.740596,ChrC:4001-6435;Chr4:14784790-14785112;Chr1:29689161-29690292
CeccDNA_000055.1_11,Cecc-InterChr,6146,3.0,3,0.740596,Chr1:29689161-29690292;Chr4:14784790-14785112;ChrC:4001-6435
CeccDNA_000055.1_12,Cecc-InterChr,6148,3.0,4,0.740581,ChrC:1743-4001;ChrC:4001-6435;Chr4:14784790-14785112;Chr1:29689161-29690292
CeccDNA_000055.1_13,Cecc-InterChr,6144,2.0,4,0.740596,ChrC:1743-4001;Chr1:29689161-29690292;Chr4:14784790-14785112;ChrC:4001-6435
CeccDNA_000055.1_14,Cecc-InterChr,6146,3.0,3,0.740596,ChrC:4001-6435;Chr4:14784790-14785112;Chr1:29689161-29690292
CeccDNA_000055.1_15,Cecc-InterChr,6149,2.0,4,0.740536,Chr4:14784790-14785112;ChrC:4001-6436;ChrC:1745-4001;Chr1:29689161-29690292
CeccDNA_000055.1_18,Cecc-InterChr,6146,2.0,3,0.740596,ChrC:1743-4001;ChrC:4001-6435;Chr4:14784790-14785112
CeccDNA_000055.1_2,Cecc-InterChr,6149,2.0,3,0.740596,ChrC:1743-4001;ChrC:4001-6435;Chr4:14784790-14785112
CeccDNA_000055.1_3,Cecc-InterChr,6145,2.0,3,0.740596,ChrC:1743-4001;Chr1:29689161-29690292;Chr4:14784790-14785112
CeccDNA_000055.1_4,Cecc-InterChr,6153,2.0,3,0.740536,ChrC:4001-6436;Chr4:14784790-14785112;Chr1:29689161-29690293
CeccDNA_000055.1_5,Cecc-InterChr,6145,5.0,3,0.740596,ChrC:4001-6435;ChrC:1743-4001;Chr1:29689161-29690292
CeccDNA_000055.1_6,Cecc-InterChr,6148,2.0,3,0.740596,ChrC:1743-4001;ChrC:4001-6435;Chr4:14784790-14785112
CeccDNA_000055.1_9,Cecc-InterChr,6145,4.0,3,0.740596,Chr4:14784790-14785112;ChrC:4001-6435;ChrC:1743-4001
CeccDNA_000056.1_1,Cecc-InterChr,2664,5.0,3,0.712598,Chr5:11177894-11178698;Chr3:20989386-20990578;Chr3:20988718-20989386
CeccDNA_000056.1_2,Cecc-InterChr,2664,4.0,3,0.712598,Chr3:20988718-20989386;Chr3:20989386-20990578;Chr5:11177894-11178698
CeccDNA_000056.1_3,Cecc-IntraChr,2664,7.0,2,0.712598,Chr3:20989386-20990578;Chr3:20988718-20989386
CeccDNA_000056.1_4,Cecc-InterChr,2664,4.0,2,0.712598,Chr3:20989386-20990578;Chr5:11177894-11178698
CeccDNA_000056.1_5,Cecc-InterChr,2664,6.0,2,0.712598,Chr5:11177894-11178698;Chr3:20989386-20990578
CeccDNA_000056.1_6,Cecc-InterChr,2664,4.0,2,0.712598,Chr3:20989386-20990578;Chr5:11177894-11178698
CeccDNA_000056.1_7,Cecc-InterChr,2664,3.0,3,0.712598,Chr3:20989386-20990578;Chr3:20988718-20989386;Chr5:11177894-11178698
CeccDNA_000056.1_8,Cecc-InterChr,2664,7.0,3,0.712598,Chr5:11177894-11178698;Chr3:20988718-20989386;Chr3:20989386-20990578
CeccDNA_000056.1_9,Cecc-InterChr,2664,2.0,3,0.712598,Chr3:20988718-20989386;Chr5:11177894-11178698;Chr3:20989386-20990578
CeccDNA_000058.1_1,Cecc-IntraChr,3654,3.0,2,0.712598,Chr5:17412760-17414663;Chr5:17411821-17412760
CeccDNA_000058.1_2,Cecc-IntraChr,3652,2.0,2,0.712598,Chr5:17411821-17412760;Chr5:17412760-17414663
CeccDNA_000059.1_1,Cecc-InterChr,3226,3.0,3,0.712598,Chr1:22656013-22657077;Chr4:15960076-15961122;Chr1:22657076-22658192
CeccDNA_000059.1_2,Cecc-IntraChr,3226,6.0,2,0.712598,Chr1:22656013-22657077;Chr1:22657076-22658192
CeccDNA_000059.1_3,Cecc-InterChr,3226,4.0,3,0.712598,Chr1:22657076-22658192;Chr1:22656013-22657077;Chr4:15960076-15961122
CeccDNA_000060.1_1,Cecc-InterChr,8646,2.0,2,0.712578,Chr1:30201007-30205265;Chr4:10310225-10311652
CeccDNA_000061.1_2,Cecc-InterChr,5726,3.0,2,0.712598,Chr4:143117-143736;Chr3:3088774-3090821
CeccDNA_000061.1_3,Cecc-InterChr,5724,2.0,2,0.712598,Chr3:3088774-3090821;Chr4:143117-143736
CeccDNA_000061.1_4,Cecc-IntraChr,5726,2.0,2,0.712598,Chr4:140058-143116;Chr4:143117-143736
CeccDNA_000061.1_5,Cecc-InterChr,5732,2.0,2,0.712598,Chr3:3088774-3090821;Chr4:143117-143736
CeccDNA_000061.1_6,Cecc-InterChr,5734,2.0,3,0.712598,Chr4:143117-143736;Chr3:3088774-3090821;Chr4:140058-143116
CeccDNA_000061.1_7,Cecc-IntraChr,5723,2.0,2,0.712598,Chr4:143117-143736;Chr4:140058-143116
CeccDNA_000061.1_8,Cecc-InterChr,5732,2.0,2,0.712598,Chr4:143117-143736;Chr3:3088774-3090821
CeccDNA_000064.1_12,Cecc-InterChr,7778,2.0,4,0.740525,Chr3:1381163-1381448;Chr3:1381448-1385444;Chr4:14539672-14542377;Chr5:28974471-28975258
CeccDNA_000064.1_13,Cecc-InterChr,7780,2.0,4,0.740596,Chr3:1381163-1381447;Chr5:28974470-28975258;Chr4:14539672-14542377;Chr3:1381448-1385445
CeccDNA_000064.1_19,Cecc-InterChr,7773,2.0,4,0.740596,Chr3:1381163-1381447;Chr5:28974470-28975258;Chr4:14539672-14542377;Chr3:1381448-1385445
CeccDNA_000064.1_20,Cecc-InterChr,7773,3.0,4,0.740596,Chr4:14539672-14542377;Chr5:28974470-28975258;Chr3:1381163-1381447;Chr3:1381448-1385445
CeccDNA_000064.1_26,Cecc-InterChr,7780,2.0,4,0.740596,Chr4:14539672-14542377;Chr5:28974470-28975258;Chr3:1381163-1381447;Chr3:1381448-1385445
CeccDNA_000064.1_28,Cecc-InterChr,7773,2.0,3,0.740596,Chr4:14539672-14542377;Chr5:28974470-28975258;Chr3:1381163-1381447
CeccDNA_000064.1_5,Cecc-InterChr,7784,2.0,3,0.740596,Chr3:1381448-1385445;Chr3:1381163-1381447;Chr5:28974470-28975258
CeccDNA_000064.1_6,Cecc-InterChr,7774,2.0,3,0.762703,Chr4:14539672-14542377;Chr5:28974470-28975258;Chr3:1381163-1381447
CeccDNA_000064.1_9,Cecc-InterChr,7772,2.0,3,0.740596,Chr3:1381448-1385445;Chr3:1381163-1381447;Chr5:28974470-28975258
CeccDNA_000065.1_18,Cecc-InterChr,10835,2.0,4,0.740596,ChrC:1743-6435;Chr4:15596790-15597467;Chr4:15597467-15598695;Chr3:21148093-21152331
CeccDNA_000065.1_7,Cecc-InterChr,10835,3.0,3,0.740596,Chr4:15597467-15598695;Chr4:15596790-15597467;ChrC:1743-6435
CeccDNA_000066.1_10,Cecc-InterChr,5981,2.0,2,0.712598,Chr2:12469650-12470943;ChrC:1743-3010
CeccDNA_000066.1_12,Cecc-InterChr,5985,3.0,3,0.712598,ChrC:3010-6435;Chr2:12469650-12470943;ChrC:1743-3010
CeccDNA_000066.1_14,Cecc-InterChr,5987,3.0,2,0.712598,ChrC:3010-6435;Chr2:12469650-12470943
CeccDNA_000066.1_15,Cecc-InterChr,5985,4.0,2,0.712598,ChrC:1743-3010;Chr2:12469650-12470943
CeccDNA_000066.1_17,Cecc-InterChr,5985,2.0,3,0.712598,ChrC:3010-6435;ChrC:1743-3010;Chr2:12469650-12470943
CeccDNA_000066.1_18,Cecc-InterChr,5985,4.0,2,0.712598,Chr2:12469650-12470943;ChrC:1743-3010
CeccDNA_000066.1_19,Cecc-InterChr,5984,2.0,3,0.712598,ChrC:3010-6435;ChrC:1743-3010;Chr2:12469650-12470943
CeccDNA_000066.1_20,Cecc-InterChr,5984,2.0,2,0.712598,Chr2:12469650-12470943;ChrC:1743-3010
CeccDNA_000066.1_21,Cecc-IntraChr,6001,3.0,2,0.712598,ChrC:3010-6435;ChrC:1743-3010
CeccDNA_000066.1_22,Cecc-InterChr,5987,2.0,3,0.712598,ChrC:3010-6435;Chr2:12469650-12470943;ChrC:1743-3010
CeccDNA_000066.1_23,Cecc-InterChr,5984,3.0,3,0.712598,ChrC:1743-3010;Chr2:12469650-12470943;ChrC:3010-6435
CeccDNA_000066.1_4,Cecc-InterChr,5984,2.0,3,0.712598,ChrC:1743-3010;ChrC:3010-6435;Chr2:12469650-12470943
CeccDNA_000066.1_6,Cecc-InterChr,5987,2.0,2,0.712598,Chr2:12469650-12470943;ChrC:1743-3010
CeccDNA_000066.1_7,Cecc-InterChr,5986,3.0,2,0.712598,ChrC:1743-3010;Chr2:12469650-12470943
CeccDNA_000066.1_9,Cecc-InterChr,5985,3.0,2,0.712598,ChrC:1743-3010;Chr2:12469650-12470943
CeccDNA_000067.1_10,Cecc-InterChr,5646,2.0,2,0.712598,ChrC:6090-6435;Chr2:19918377-19919331
CeccDNA_000067.1_11,Cecc-InterChr,5646,2.0,2,0.712598,ChrC:1743-6090;Chr2:19918377-19919331
CeccDNA_000067.1_12,Cecc-InterChr,5648,2.0,3,0.712598,ChrC:6090-6435;Chr2:19918377-19919331;ChrC:1743-6090
CeccDNA_000067.1_13,Cecc-InterChr,5646,3.0,3,0.712598,Chr2:19918377-19919331;ChrC:6090-6435;ChrC:1743-6090
CeccDNA_000067.1_14,Cecc-InterChr,5648,3.0,2,0.712598,ChrC:6090-6435;Chr2:19918377-19919331
CeccDNA_000067.1_15,Cecc-InterChr,5646,4.0,3,0.712598,Chr2:19918377-19919331;ChrC:6090-6435;ChrC:1743-6090
CeccDNA_000067.1_17,Cecc-InterChr,5646,3.0,3,0.712598,Chr2:19918377-19919331;ChrC:6090-6435;ChrC:1743-6090
CeccDNA_000067.1_18,Cecc-IntraChr,5651,2.0,2,0.712598,ChrC:1743-6090;ChrC:6090-6435
CeccDNA_000067.1_19,Cecc-InterChr,5647,2.0,2,0.712598,Chr2:19918377-19919331;ChrC:6090-6435
CeccDNA_000067.1_2,Cecc-InterChr,5646,3.0,3,0.712598,ChrC:1743-6090;ChrC:6090-6435;Chr2:19918377-19919331
CeccDNA_000067.1_20,Cecc-InterChr,5645,3.0,2,0.712598,ChrC:6090-6435;Chr2:19918377-19919331
CeccDNA_000067.1_21,Cecc-InterChr,5641,2.0,3,0.712598,ChrC:6090-6435;ChrC:1743-6090;Chr2:19918377-19919331
CeccDNA_000067.1_23,Cecc-InterChr,5650,3.0,3,0.712598,ChrC:6090-6435;ChrC:1743-6090;Chr2:19918377-19919331
CeccDNA_000067.1_24,Cecc-InterChr,5646,2.0,3,0.712598,Chr2:19918377-19919331;ChrC:1743-6090;ChrC:6090-6435
CeccDNA_000067.1_25,Cecc-InterChr,5646,3.0,3,0.712598,Chr2:19918377-19919331;ChrC:6090-6435;ChrC:1743-6090
CeccDNA_000067.1_26,Cecc-InterChr,5646,3.0,3,0.712598,ChrC:6090-6435;Chr2:19918377-19919331;ChrC:1743-6090
CeccDNA_000067.1_27,Cecc-InterChr,5646,2.0,3,0.712598,Chr2:19918377-19919331;ChrC:6090-6435;ChrC:1743-6090
CeccDNA_000067.1_28,Cecc-InterChr,5647,3.0,3,0.712598,ChrC:1743-6090;ChrC:6090-6435;Chr2:19918377-19919331
CeccDNA_000067.1_30,Cecc-InterChr,5647,2.0,3,0.712598,ChrC:6090-6435;Chr2:19918377-19919331;ChrC:1743-6090
CeccDNA_000067.1_31,Cecc-InterChr,5646,2.0,3,0.712504,Chr2:19918377-19919331;ChrC:6090-6436;ChrC:1748-6090
CeccDNA_000067.1_32,Cecc-InterChr,5646,4.0,3,0.712598,ChrC:6090-6435;Chr2:19918377-19919331;ChrC:1743-6090
CeccDNA_000067.1_33,Cecc-InterChr,5645,2.0,2,0.712598,Chr2:19918377-19919331;ChrC:6090-6435
CeccDNA_000067.1_35,Cecc-InterChr,5645,2.0,2,0.712598,Chr2:19918377-19919331;ChrC:6090-6435
CeccDNA_000067.1_36,Cecc-InterChr,5648,2.0,2,0.712598,ChrC:6090-6435;Chr2:19918377-19919331
CeccDNA_000067.1_8,Cecc-InterChr,5650,2.0,3,0.712598,ChrC:6090-6435;Chr2:19918377-19919331;ChrC:1743-6090
CeccDNA_000068.1_1,Cecc-InterChr,5968,3.0,2,0.712598,Chr3:16677578-16678851;ChrC:4844-6435
CeccDNA_000068.1_2,Cecc-InterChr,5964,4.0,2,0.712598,Chr3:16677578-16678851;ChrC:1743-4843
CeccDNA_000068.1_3,Cecc-InterChr,5964,4.0,2,0.712598,Chr3:16677578-16678851;ChrC:4844-6435
CeccDNA_000068.1_4,Cecc-InterChr,5962,2.0,2,0.712598,Chr3:16677578-16678851;ChrC:1743-4843
CeccDNA_000068.1_5,Cecc-InterChr,5964,3.0,3,0.712598,Chr3:16677578-16678851;ChrC:4844-6435;ChrC:1743-4843
CeccDNA_000068.1_7,Cecc-InterChr,5966,2.0,3,0.712598,Chr3:16677578-16678851;ChrC:4844-6435;ChrC:1743-4843
CeccDNA_000069.1_2,Cecc-InterChr,6592,2.0,3,0.712598,Chr5:21543706-21545607;ChrC:1743-3433;ChrC:3433-6435
CeccDNA_000069.1_3,Cecc-InterChr,6592,2.0,2,0.712598,Chr5:21543706-21545607;ChrC:3433-6435
CeccDNA_000070.1_1,Cecc-IntraChr,5682,2.0,2,0.740596,Chr4:9424871-9426111;Chr4:9421721-9424869
CeccDNA_000070.1_11,Cecc-InterChr,5682,2.0,2,0.712598,Chr2:21328705-21329999;Chr4:9424871-9426111
CeccDNA_000070.1_12,Cecc-IntraChr,5683,2.0,2,0.712598,Chr4:9421721-9424869;Chr4:9424871-9426111
CeccDNA_000070.1_14,Cecc-InterChr,5682,4.0,2,0.712598,Chr4:9424871-9426111;Chr2:21328705-21329999
CeccDNA_000070.1_2,Cecc-InterChr,5680,3.0,3,0.712598,Chr4:9421721-9424869;Chr4:9424871-9426111;Chr2:21328705-21329999
CeccDNA_000070.1_3,Cecc-InterChr,5684,2.0,2,0.712598,Chr2:21328705-21329999;Chr4:9424871-9426111
CeccDNA_000070.1_6,Cecc-IntraChr,5684,2.0,2,0.74045,Chr4:9421721-9424869;Chr4:9424871-9426111
CeccDNA_000070.1_7,Cecc-InterChr,5683,3.0,2,0.712598,Chr2:21328705-21329999;Chr4:9424871-9426111
CeccDNA_000070.1_8,Cecc-IntraChr,5682,3.0,2,0.712598,Chr4:9421721-9424869;Chr4:9424871-9426111
CeccDNA_000070.1_9,Cecc-InterChr,5682,2.0,3,0.712598,Chr2:21328705-21329999;Chr4:9424871-9426111;Chr4:9421721-9424869
CeccDNA_000071.1_5,Cecc-InterChr,9300,2.0,3,0.712598,Chr5:4737591-4738627;Chr5:4733816-4737592;Chr4:21214553-21219041
CeccDNA_000072.1_3,Cecc-InterChr,10406,2.0,4,0.756774,Chr1:3364220-3364473;Chr2:15541680-15545032;Chr5:6784385-6784682;Chr5:6782598-6784386
CeccDNA_000073.1_1,Cecc-InterChr,5248,2.0,2,0.712598,Chr4:197011-197758;Chr3:18041190-18041725
CeccDNA_000073.1_2,Cecc-InterChr,5246,5.0,2,0.712598,Chr3:18041190-18041725;Chr4:197011-197758
CeccDNA_000074.1_10,Cecc-InterChr,6512,2.0,3,0.712598,Chr1:6631517-6632773;Chr1:6632773-6635171;Chr5:10226973-10229831
CeccDNA_000074.1_12,Cecc-IntraChr,6512,3.0,2,0.712598,Chr1:6631517-6632773;Chr1:6632773-6635171
CeccDNA_000074.1_18,Cecc-InterChr,6517,2.0,3,0.712598,Chr1:6632773-6635171;Chr5:10226973-10229831;Chr1:6631517-6632773
CeccDNA_000074.1_2,Cecc-InterChr,6520,2.0,2,0.712598,Chr5:10226973-10229831;Chr1:6631517-6632773
CeccDNA_000074.1_4,Cecc-InterChr,6513,2.0,3,0.712598,Chr1:6631517-6632773;Chr1:6632773-6635171;Chr5:10226973-10229831
CeccDNA_000074.1_5,Cecc-InterChr,6510,3.0,3,0.712598,Chr1:6632773-6635171;Chr1:6631517-6632773;Chr5:10226973-10229831
CeccDNA_000074.1_6,Cecc-InterChr,6511,2.0,3,0.712598,Chr1:6631517-6632773;Chr1:6632773-6635171;Chr5:10226973-10229831
CeccDNA_000074.1_8,Cecc-InterChr,6517,2.0,2,0.740383,Chr5:10226973-10229831;Chr1:6631517-6632773
CeccDNA_000074.1_9,Cecc-InterChr,6512,2.0,3,0.712598,Chr1:6631517-6632773;Chr5:10226973-10229831;Chr1:6632773-6635171
CeccDNA_000075.1_1,Cecc-InterChr,6487,3.0,3,0.712598,Chr2:6252982-6253436;Chr5:11664880-11666494;Chr2:6253435-6257854
CeccDNA_000075.1_2,Cecc-IntraChr,6489,2.0,2,0.712598,Chr2:6252982-6253436;Chr2:6253435-6257854
CeccDNA_000075.1_4,Cecc-InterChr,6486,2.0,3,0.712598,Chr5:11664880-11666494;Chr2:6252982-6253436;Chr2:6253435-6257854
CeccDNA_000075.1_5,Cecc-IntraChr,6489,2.0,2,0.712598,Chr2:6253435-6257854;Chr2:6252982-6253436
CeccDNA_000075.1_8,Cecc-InterChr,6487,2.0,2,0.712598,Chr5:11664880-11666494;Chr2:6252982-6253436
CeccDNA_000076.1_1,Cecc-InterChr,3760,4.0,2,0.712598,Chr5:27549564-27550499;Chr2:2173061-2174887
CeccDNA_000076.1_2,Cecc-InterChr,3762,3.0,2,0.712598,Chr2:2173061-2174887;Chr5:27549564-27550499
CeccDNA_000076.1_3,Cecc-InterChr,3760,3.0,2,0.712598,Chr2:2173061-2174887;Chr5:27550499-27551498
CeccDNA_000076.1_4,Cecc-IntraChr,3760,4.0,2,0.712598,Chr5:27549564-27550499;Chr5:27550499-27551498
CeccDNA_000076.1_5,Cecc-InterChr,3760,6.0,2,0.712598,Chr2:2173061-2174887;Chr5:27550499-27551498
CeccDNA_000076.1_6,Cecc-InterChr,3760,3.0,3,0.712598,Chr5:27549564-27550499;Chr5:27550499-27551498;Chr2:2173061-2174887
CeccDNA_000077.1_1,Cecc-InterChr,5471,2.0,3,0.712598,Chr3:20466378-20468163;Chr3:20464902-20466377;Chr2:14948600-14950811
CeccDNA_000077.1_10,Cecc-InterChr,5471,2.0,3,0.712598,Chr2:14948600-14950811;Chr3:20464902-20466377;Chr3:20466378-20468163
CeccDNA_000077.1_11,Cecc-IntraChr,5471,2.0,2,0.712598,Chr3:20466378-20468163;Chr3:20464902-20466377
CeccDNA_000077.1_12,Cecc-InterChr,5472,2.0,3,0.712598,Chr3:20464902-20466377;Chr3:20466378-20468163;Chr2:14948600-14950811
CeccDNA_000077.1_13,Cecc-InterChr,5471,2.0,2,0.712598,Chr3:20464902-20466377;Chr2:14948600-14950811
CeccDNA_000077.1_14,Cecc-InterChr,5471,2.0,2,0.712598,Chr3:20466378-20468163;Chr2:14948600-14950811
CeccDNA_000077.1_16,Cecc-InterChr,5470,3.0,2,0.712598,Chr2:14948600-14950811;Chr3:20464902-20466377
CeccDNA_000077.1_17,Cecc-InterChr,5469,3.0,2,0.712598,Chr2:14948600-14950811;Chr3:20466378-20468163
CeccDNA_000077.1_18,Cecc-InterChr,5472,2.0,2,0.712598,Chr2:14948600-14950811;Chr3:20464902-20466377
CeccDNA_000077.1_19,Cecc-IntraChr,5471,2.0,2,0.712598,Chr3:20466378-20468163;Chr3:20464902-20466377
CeccDNA_000077.1_20,Cecc-InterChr,5472,2.0,3,0.712598,Chr2:14948600-14950811;Chr3:20464902-20466377;Chr3:20466378-20468163
CeccDNA_000077.1_3,Cecc-InterChr,5478,2.0,2,0.712598,Chr3:20464902-20466377;Chr2:14948600-14950811
CeccDNA_000077.1_5,Cecc-InterChr,5473,2.0,2,0.712598,Chr3:20464902-20466377;Chr2:14948600-14950811
CeccDNA_000077.1_7,Cecc-InterChr,5471,3.0,2,0.712598,Chr2:14948600-14950811;Chr3:20466378-20468163
CeccDNA_000077.1_8,Cecc-IntraChr,5470,2.0,2,0.712598,Chr3:20464902-20466377;Chr3:20466378-20468163
CeccDNA_000078.1_1,Cecc-InterChr,7393,4.0,4,0.740596,Chr5:3913853-3914147;Chr3:2115271-2117675;ChrC:4516-6435;ChrC:1743-4517
CeccDNA_000078.1_10,Cecc-InterChr,7394,3.0,3,0.740596,ChrC:4516-6435;Chr3:2115271-2117675;Chr5:3913853-3914147
CeccDNA_000078.1_3,Cecc-InterChr,7396,2.0,4,0.740596,ChrC:1743-4517;Chr5:3913853-3914147;Chr3:2115271-2117675;ChrC:4516-6435
CeccDNA_000078.1_8,Cecc-InterChr,7397,2.0,4,0.740596,Chr3:2115271-2117675;Chr5:3913853-3914147;ChrC:1743-4517;ChrC:4516-6435
CeccDNA_000079.1_1,Cecc-InterChr,7124,2.0,2,0.712598,Chr2:15537406-15539963;Chr3:2191763-2193200
CeccDNA_000079.1_16,Cecc-IntraChr,7124,2.0,2,0.712598,Chr3:2188633-2191763;Chr3:2191763-2193200
CeccDNA_000079.1_3,Cecc-InterChr,7128,2.0,2,0.712598,Chr3:2188633-2191763;Chr2:15537406-15539963
CeccDNA_000079.1_5,Cecc-IntraChr,7124,3.0,2,0.712598,Chr3:2191763-2193200;Chr3:2188633-2191763
CeccDNA_000079.1_7,Cecc-InterChr,7130,3.0,3,0.712598,Chr3:2191763-2193200;Chr3:2188633-2191763;Chr2:15537406-15539963
CeccDNA_000080.1_1,Cecc-InterChr,4092,5.0,3,0.712598,Chr5:10873407-10874269;Chr4:8580716-8581938;Chr4:8578709-8580717
CeccDNA_000080.1_2,Cecc-InterChr,4092,4.0,3,0.712598,Chr4:8580716-8581938;Chr5:10873407-10874269;Chr4:8578709-8580717
CeccDNA_000080.1_3,Cecc-InterChr,4095,2.0,2,0.712598,Chr5:10873407-10874269;Chr4:8580716-8581938
CeccDNA_000080.1_4,Cecc-InterChr,4091,2.0,3,0.712598,Chr4:8580716-8581938;Chr5:10873407-10874269;Chr4:8578709-8580717
CeccDNA_000080.1_5,Cecc-IntraChr,4092,4.0,2,0.712598,Chr4:8580716-8581938;Chr4:8578709-8580717
CeccDNA_000080.1_6,Cecc-IntraChr,4096,2.0,2,0.712598,Chr4:8578709-8580717;Chr4:8580716-8581938
CeccDNA_000080.1_7,Cecc-InterChr,4092,2.0,3,0.712598,Chr4:8578709-8580717;Chr5:10873407-10874269;Chr4:8580716-8581938
CeccDNA_000080.1_8,Cecc-IntraChr,4090,2.0,2,0.712598,Chr4:8578709-8580717;Chr4:8580716-8581938
CeccDNA_000081.1_1,Cecc-InterChr,9370,2.0,3,0.762575,Chr1:22096044-22097482;ChrC:2892-6435;ChrC:1743-2890
CeccDNA_000081.1_7,Cecc-InterChr,9373,2.0,4,0.740596,Chr1:22096044-22097482;ChrC:2892-6435;ChrC:1743-2890;Chr3:8474904-8478141
CeccDNA_000082.1_10,Cecc-InterChr,2806,4.0,2,0.774235,Chr4:1589014-1589984;Chr2:212802-214625
CeccDNA_000082.1_11,Cecc-InterChr,2806,4.0,2,0.774235,Chr2:212802-214625;Chr4:1589014-1589984
CeccDNA_000082.1_2,Cecc-InterChr,2806,5.0,2,0.774235,Chr4:1589014-1589984;Chr2:212802-214625
CeccDNA_000082.1_3,Cecc-InterChr,2808,3.0,2,0.774235,Chr4:1589014-1589984;Chr2:212802-214625
CeccDNA_000082.1_4,Cecc-InterChr,2806,3.0,2,0.774235,Chr2:212802-214625;Chr4:1589014-1589984
CeccDNA_000082.1_5,Cecc-InterChr,2806,7.0,2,0.774235,Chr4:1589014-1589984;Chr2:212802-214625
CeccDNA_000082.1_9,Cecc-InterChr,2806,4.0,2,0.774235,Chr2:212802-214625;Chr4:1589014-1589984
CeccDNA_000083.1_1,Cecc-InterChr,5909,2.0,3,0.712598,ChrC:1743-1848;Chr4:13005394-13006611;ChrC:1849-6435
CeccDNA_000083.1_2,Cecc-InterChr,5910,2.0,3,0.712598,Chr4:13005394-13006611;ChrC:1743-1848;ChrC:1849-6435
CeccDNA_000083.1_3,Cecc-IntraChr,5908,3.0,2,0.712598,ChrC:1849-6435;ChrC:1743-1848
CeccDNA_000083.1_4,Cecc-InterChr,5905,3.0,2,0.712508,Chr4:13005394-13006611;ChrC:1746-1848
CeccDNA_000083.1_5,Cecc-InterChr,5941,2.0,2,0.712478,ChrC:1743-1849;Chr4:13005398-13006612
CeccDNA_000083.1_6,Cecc-IntraChr,5912,2.0,2,0.712387,ChrC:1743-1849;ChrC:1849-6435
CeccDNA_000084.1_1,Cecc-IntraChr,4556,4.0,2,0.712598,Chr4:15111590-15111812;Chr4:15110541-15111589
CeccDNA_000084.1_2,Cecc-IntraChr,4557,2.0,2,0.712598,Chr4:15110541-15111589;Chr4:15111590-15111812
CeccDNA_000084.1_3,Cecc-InterChr,4556,3.0,2,0.712598,Chr5:11441142-11444428;Chr4:15111590-15111812
CeccDNA_000084.1_4,Cecc-InterChr,4557,2.0,3,0.712598,Chr4:15110541-15111589;Chr4:15111590-15111812;Chr5:11441142-11444428
CeccDNA_000084.1_5,Cecc-IntraChr,4556,8.0,2,0.712598,Chr4:15111590-15111812;Chr4:15110541-15111589
CeccDNA_000084.1_6,Cecc-InterChr,4556,3.0,3,0.712598,Chr4:15110541-15111589;Chr4:15111590-15111812;Chr5:11441142-11444428
CeccDNA_000085.1_2,Cecc-InterChr,7828,2.0,3,0.740596,Chr5:25419195-25422968;Chr1:19396922-19397308;Chr4:16308800-16311692
CeccDNA_000086.1_1,Cecc-InterChr,4589,3.0,3,0.712598,Chr5:16374993-16376429;Chr4:17365368-17367281;Chr4:17364130-17365368
CeccDNA_000086.1_10,Cecc-IntraChr,4587,2.0,2,0.712598,Chr4:17364130-17365368;Chr4:17365368-17367281
CeccDNA_000086.1_12,Cecc-InterChr,4585,2.0,3,0.712598,Chr4:17365368-17367281;Chr5:16374993-16376429;Chr4:17364130-17365368
CeccDNA_000086.1_2,Cecc-IntraChr,4587,4.0,2,0.712598,Chr4:17364130-17365368;Chr4:17365368-17367281
CeccDNA_000086.1_3,Cecc-InterChr,4587,2.0,2,0.712598,Chr4:17364130-17365368;Chr5:16374993-16376429
CeccDNA_000086.1_4,Cecc-InterChr,4587,6.0,3,0.712598,Chr4:17365368-17367281;Chr5:16374993-16376429;Chr4:17364130-17365368
CeccDNA_000086.1_6,Cecc-InterChr,4588,2.0,3,0.78862,Chr4:17364130-17365368;Chr4:17365368-17367281;Chr5:16374993-16376429
CeccDNA_000086.1_7,Cecc-InterChr,4587,5.0,2,0.712598,Chr5:16374993-16376429;Chr4:17365368-17367281
CeccDNA_000086.1_8,Cecc-InterChr,4587,3.0,3,0.712598,Chr5:16374993-16376429;Chr4:17364130-17365368;Chr4:17365368-17367281
CeccDNA_000086.1_9,Cecc-InterChr,4587,2.0,3,0.712598,Chr4:17364130-17365368;Chr5:16374993-16376429;Chr4:17365368-17367281
CeccDNA_000087.1_10,Cecc-IntraChr,3999,4.0,2,0.712598,Chr2:21328707-21328850;Chr2:21328851-21329999
CeccDNA_000087.1_11,Cecc-IntraChr,3999,3.0,2,0.712598,Chr2:21328851-21329999;Chr2:21328707-21328850
CeccDNA_000087.1_2,Cecc-InterChr,3996,3.0,2,0.712598,Chr5:10043774-10046482;Chr2:21328707-21328850
CeccDNA_000087.1_3,Cecc-IntraChr,3999,3.0,2,0.712598,Chr2:21328851-21329999;Chr2:21328707-21328850
CeccDNA_000087.1_4,Cecc-InterChr,3999,3.0,2,0.712598,Chr5:10043774-10046482;Chr2:21328707-21328850
CeccDNA_000087.1_5,Cecc-IntraChr,3999,3.0,2,0.712598,Chr2:21328851-21329999;Chr2:21328707-21328850
CeccDNA_000087.1_6,Cecc-InterChr,3999,5.0,2,0.740086,Chr5:10043774-10046482;Chr2:21328707-21328850
CeccDNA_000087.1_7,Cecc-InterChr,3999,4.0,3,0.712598,Chr2:21328851-21329999;Chr2:21328707-21328850;Chr5:10043774-10046482
CeccDNA_000087.1_8,Cecc-IntraChr,3999,3.0,2,0.712598,Chr2:21328707-21328850;Chr2:21328851-21329999
CeccDNA_000087.1_9,Cecc-IntraChr,4000,4.0,2,0.712598,Chr2:21328851-21329999;Chr2:21328707-21328850
CeccDNA_000088.1_4,Cecc-IntraChr,7664,2.0,2,0.712598,Chr3:17975307-17977242;Chr3:17977242-17980088
CeccDNA_000088.1_5,Cecc-InterChr,7668,2.0,2,0.712598,Chr2:17259477-17262359;Chr3:17977242-17980088
CeccDNA_000088.1_8,Cecc-IntraChr,7674,2.0,2,0.712598,Chr3:17975307-17977242;Chr3:17977242-17980088
CeccDNA_000089.1_2,Cecc-IntraChr,3413,3.0,2,0.73989,Chr5:4966692-4967470;Chr5:4967470-4968804
CeccDNA_000089.1_3,Cecc-InterChr,3413,4.0,2,0.740515,Chr5:4966692-4967470;Chr2:12360317-12361618
CeccDNA_000089.1_4,Cecc-InterChr,3413,3.0,2,0.712598,Chr2:12360317-12361618;Chr5:4966692-4967470
CeccDNA_000089.1_5,Cecc-InterChr,3413,5.0,3,0.712598,Chr5:4967470-4968804;Chr5:4966692-4967470;Chr2:12360317-12361618
CeccDNA_000089.1_6,Cecc-InterChr,3413,6.0,2,0.712598,Chr2:12360317-12361618;Chr5:4966692-4967470
CeccDNA_000089.1_7,Cecc-InterChr,3413,4.0,2,0.712598,Chr2:12360317-12361618;Chr5:4967470-4968804
CeccDNA_000089.1_8,Cecc-IntraChr,3413,3.0,2,0.712598,Chr5:4966692-4967470;Chr5:4967470-4968804
CeccDNA_000091.1_2,Cecc-IntraChr,9343,2.0,2,0.712522,Chr3:2736777-2737627;Chr3:2737630-2741418
CeccDNA_000093.1_10,Cecc-InterChr,6696,2.0,3,0.712598,Chr3:17711001-17711437;Chr3:17711438-17714810;Chr4:16204478-16207366
CeccDNA_000093.1_11,Cecc-IntraChr,6692,2.0,2,0.712465,Chr3:17711438-17714810;Chr3:17711001-17711438
CeccDNA_000093.1_12,Cecc-InterChr,6715,2.0,3,0.712598,Chr3:17711001-17711437;Chr3:17711438-17714810;Chr4:16204478-16207366
CeccDNA_000093.1_14,Cecc-InterChr,6701,2.0,3,0.712598,Chr3:17711001-17711437;Chr3:17711438-17714810;Chr4:16204478-16207366
CeccDNA_000093.1_15,Cecc-InterChr,6696,3.0,2,0.712598,Chr3:17711001-17711437;Chr4:16204478-16207366
CeccDNA_000093.1_3,Cecc-InterChr,6691,3.0,3,0.712598,Chr3:17711001-17711437;Chr4:16204478-16207366;Chr3:17711438-17714810
CeccDNA_000094.1_1,Cecc-InterChr,5336,4.0,3,0.712598,Chr2:8959768-8960067;Chr2:8959423-8959769;ChrC:1743-6434
CeccDNA_000094.1_3,Cecc-InterChr,5339,2.0,3,0.712598,ChrC:1743-6434;Chr2:8959768-8960067;Chr2:8959423-8959769
CeccDNA_000094.1_6,Cecc-IntraChr,5335,3.0,2,0.712598,Chr2:8959423-8959769;Chr2:8959768-8960067
CeccDNA_000094.1_7,Cecc-InterChr,5338,2.0,3,0.712598,Chr2:8959768-8960067;Chr2:8959423-8959769;ChrC:1743-6434
CeccDNA_000094.1_8,Cecc-InterChr,5335,3.0,3,0.712598,Chr2:8959423-8959769;Chr2:8959768-8960067;ChrC:1743-6434
CeccDNA_000095.1_3,Cecc-InterChr,8420,2.0,3,0.740596,Chr3:6766119-6766890;Chr4:13935732-13939133;Chr1:8681512-8682250
CeccDNA_000095.1_5,Cecc-InterChr,8422,2.0,3,0.740596,Chr3:6766119-6766890;Chr4:13935732-13939133;Chr1:8681512-8682250
CeccDNA_000098.1_3,Cecc-IntraChr,7164,3.0,2,0.712598,Chr3:10204409-10205066;Chr3:10202593-10204410
CeccDNA_000099.1_10,Cecc-IntraChr,7009,3.0,2,0.712598,Chr3:5240787-5241251;Chr3:5241252-5243136
CeccDNA_000099.1_11,Cecc-IntraChr,7013,2.0,2,0.712598,Chr3:5241252-5243136;Chr3:5240787-5241251
CeccDNA_000099.1_12,Cecc-InterChr,7010,2.0,3,0.712598,Chr3:5240787-5241251;Chr3:5241252-5243136;Chr5:18410397-18415058
CeccDNA_000099.1_24,Cecc-InterChr,7007,2.0,3,0.712598,Chr5:18410397-18415058;Chr3:5240787-5241251;Chr3:5241252-5243136
CeccDNA_000099.1_26,Cecc-IntraChr,7012,3.0,2,0.712598,Chr3:5240787-5241251;Chr3:5241252-5243136
CeccDNA_000099.1_27,Cecc-IntraChr,7011,2.0,2,0.712598,Chr3:5241252-5243136;Chr3:5240787-5241251
CeccDNA_000099.1_6,Cecc-InterChr,7008,2.0,3,0.712598,Chr5:18410397-18415058;Chr3:5240787-5241251;Chr3:5241252-5243136
