eName,eChr,eStart,eEnd,eLength,Num_Reads,Avg_Read_Length,Num_Split_Reads,Avg_Split_Read_Length,Score
Uecc|Chr1-223809-225499,Chr1,223809,225499,1691,20,1796,8,3123,803.5
Uecc|Chr1-477807-479045,Chr1,477807,479045,1239,6,5102,6,5102,1035.6
Uecc|Chr1-479734-481626,Chr1,479734,481626,1893,11,3744,11,3744,832.8
Uecc|Chr1-707625-716694,Chr1,707625,716694,9070,4,5577,3,6611,1224.2
Uecc|Chr1-903857-904941,Chr1,903857,904941,1085,3,4385,3,4385,880.6
Uecc|Chr1-2194157-2197796,Chr1,2194157,2197796,3640,59,3395,29,5159,3085.8
Uecc|Chr1-2198485-2200377,Chr1,2198485,2200377,1893,5,4160,5,4160,853.2
Uecc|Chr1-2346364-2348946,Chr1,2346364,2348946,2583,8,4244,6,5084,1014.4
Uecc|Chr1-4614809-4616890,Chr1,4614809,4616890,2082,11,4235,10,4630,1073.1
Uecc|Chr1-4618626-4620414,Chr1,4618626,4620414,1789,9,4086,9,4086,872.8
Uecc|Chr1-4944013-4945382,Chr1,4944013,4945382,1370,10,2789,10,2789,591.0
Uecc|Chr1-6763569-6768060,Chr1,6763569,6768060,4492,27,4230,27,4230,1162.0
Uecc|Chr1-6939208-6939903,Chr1,6939208,6939903,696,11,4267,10,4672,931.3
Uecc|Chr1-7795633-7796167,Chr1,7795633,7796167,535,5,2606,5,2606,541.2
Uecc|Chr1-8175538-8178790,Chr1,8175538,8178790,3253,237,3372,115,5053,33626.9
Uecc|Chr1-8837128-8838535,Chr1,8837128,8838535,1408,4,2198,4,2198,449.6
Uecc|Chr1-8879206-8880362,Chr1,8879206,8880362,1157,41,4748,41,4748,1907.6
Uecc|Chr1-8882700-8883697,Chr1,8882700,8883697,998,2,2520,2,2520,506.4
Uecc|Chr1-9374409-9375433,Chr1,9374409,9375433,1025,13,1861,6,3088,592.3
Uecc|Chr1-9555322-9556218,Chr1,9555322,9556218,897,2,4204,2,4204,844.4
Uecc|Chr1-10004280-10004550,Chr1,10004280,10004550,271,7,4456,7,4456,912.8
Uecc|Chr1-10048740-10051219,Chr1,10048740,10051219,2480,8,2832,3,4990,832.4
Uecc|Chr1-10569923-10571771,Chr1,10569923,10571771,1849,126,2159,40,4361,12632.8
Uecc|Chr1-10879585-10880222,Chr1,10879585,10880222,638,3,4729,3,4729,953.4
Uecc|Chr1-12143027-12143651,Chr1,12143027,12143651,625,3,2942,2,4273,725.3
Uecc|Chr1-12501785-12502719,Chr1,12501785,12502719,935,12,971,2,2558,464.1
Uecc|Chr1-12642542-12642844,Chr1,12642542,12642844,303,4,2304,2,4338,675.0
Uecc|Chr1-12647242-12649462,Chr1,12647242,12649462,2221,4,3522,4,3522,709.2
Uecc|Chr1-12650846-12651815,Chr1,12650846,12651815,970,3,7150,3,7150,1434.4
Uecc|Chr1-12824031-12826290,Chr1,12824031,12826290,2260,3,2709,2,3700,672.7
Uecc|Chr1-13908008-13909900,Chr1,13908008,13909900,1893,11,4616,11,4616,977.2
Uecc|Chr1-13910589-13911827,Chr1,13910589,13911827,1239,6,5102,6,5102,1035.6
Uecc|Chr1-13916274-13918266,Chr1,13916274,13918266,1993,9,4380,9,4380,894.0
Uecc|Chr1-14541237-14544017,Chr1,14541237,14544017,2781,29,2941,13,4611,1849.2
Uecc|Chr1-14737945-14738285,Chr1,14737945,14738285,341,2,4178,2,4178,838.8
Uecc|Chr1-15108697-15109059,Chr1,15108697,15109059,363,3,5958,3,5958,1198.8
Uecc|Chr1-15590635-15592520,Chr1,15590635,15592520,1886,13,2074,5,4011,669.7
Uecc|Chr1-16233424-16235161,Chr1,16233424,16235161,1738,7,1718,2,3676,564.0
Uecc|Chr1-17996660-18000088,Chr1,17996660,18000088,3429,4,3781,3,4525,845.2
Uecc|Chr1-18002480-18005425,Chr1,18002480,18005425,2946,3,4525,3,4525,911.0
Uecc|Chr1-18113474-18116150,Chr1,18113474,18116150,2677,5,3644,2,5854,987.6
Uecc|Chr1-19250586-19250991,Chr1,19250586,19250991,406,11,2358,5,4775,740.9
Uecc|Chr1-19263809-19265566,Chr1,19263809,19265566,1758,6,2320,2,4582,703.8
Uecc|Chr1-20580934-20581846,Chr1,20580934,20581846,913,2,1639,2,1639,329.8
Uecc|Chr1-21259469-21261521,Chr1,21259469,21261521,2053,21,4362,20,4539,1461.1
Uecc|Chr1-21264682-21266125,Chr1,21264682,21266125,1444,11,4034,10,4403,895.5
Uecc|Chr1-21781980-21783275,Chr1,21781980,21783275,1296,10,1661,3,3645,559.2
Uecc|Chr1-21783897-21785397,Chr1,21783897,21785397,1501,4,2461,2,3939,648.0
Uecc|Chr1-21785619-21787411,Chr1,21785619,21787411,1793,18,4165,18,4165,1102.2
Uecc|Chr1-21821440-21822988,Chr1,21821440,21822988,1549,9,1574,2,3926,577.8
Uecc|Chr1-21825913-21826535,Chr1,21825913,21826535,623,5,4101,5,4101,835.4
Uecc|Chr1-22543023-22543871,Chr1,22543023,22543871,849,7,2251,4,3551,640.8
Uecc|Chr1-23625318-23628622,Chr1,23625318,23628622,3305,23,5457,23,5457,1514.2
Uecc|Chr1-23634724-23635850,Chr1,23634724,23635850,1127,9,2734,6,3935,723.9
Uecc|Chr1-23828970-23830016,Chr1,23828970,23830016,1047,5,3601,5,3601,733.4
Uecc|Chr1-25680635-25680905,Chr1,25680635,25680905,271,7,4456,7,4456,914.0
Uecc|Chr1-26469986-26471878,Chr1,26469986,26471878,1893,9,4159,9,4159,886.2
Uecc|Chr1-26526223-26527679,Chr1,26526223,26527679,1457,9,1809,3,3702,582.7
Uecc|Chr1-27440460-27441429,Chr1,27440460,27441429,970,4,6824,4,6824,1372.0
Uecc|Chr1-27542921-27544661,Chr1,27542921,27544661,1741,8,3856,8,3856,846.8
Uecc|Chr1-27582278-27582619,Chr1,27582278,27582619,342,2,4550,2,4550,912.0
Uecc|Chr1-28921344-28925269,Chr1,28921344,28925269,3926,10,2315,2,7439,1032.6
Uecc|Chr1-29672858-29674253,Chr1,29672858,29674253,1396,70,1603,21,3404,2788.5
Uecc|Chr1-29934837-29935052,Chr1,29934837,29935052,216,2,3984,2,3984,798.8
Uecc|Chr1-31039875-31041219,Chr1,31039875,31041219,1345,4,5272,4,5272,1060.8
Uecc|Chr1-32040514-32041263,Chr1,32040514,32041263,750,7,4192,7,4192,858.4
Uecc|Chr1-32044467-32047759,Chr1,32044467,32047759,3293,28,3662,26,3877,1343.9
Uecc|Chr1-32811110-32812458,Chr1,32811110,32812458,1349,10,1691,3,3391,561.6
Uecc|Chr1-32814979-32816426,Chr1,32814979,32816426,1448,5,3416,5,3416,700.4
Uecc|Chr1-34112606-34113406,Chr1,34112606,34113406,801,3,3724,2,5322,912.4
Uecc|Chr1-34141495-34146029,Chr1,34141495,34146029,4535,20,1970,6,4923,869.7
Uecc|Chr1-35429112-35429639,Chr1,35429112,35429639,528,2,5152,2,5152,1038.4
Uecc|Chr1-36302278-36304829,Chr1,36302278,36304829,2552,20,2843,9,4609,1126.6
Uecc|Chr1-37190517-37190807,Chr1,37190517,37190807,291,2,4338,2,4338,869.6
Uecc|Chr1-38117281-38118872,Chr1,38117281,38118872,1592,23,4630,23,4630,1090.8
Uecc|Chr1-38121810-38124493,Chr1,38121810,38124493,2684,10,4064,10,4064,873.6
Uecc|Chr1-38126948-38127178,Chr1,38126948,38127178,231,3,4692,3,4692,940.8
Uecc|Chr1-40676399-40677242,Chr1,40676399,40677242,844,4,3765,4,3765,756.6
Uecc|Chr1-40679768-40681475,Chr1,40679768,40681475,1708,7,2314,4,3388,607.6
Uecc|Chr1-42061234-42063493,Chr1,42061234,42063493,2260,2,3700,2,3700,760.4
Uecc|Chr1-43540905-43543199,Chr1,43540905,43543199,2295,33,3915,26,4296,1884.9
Uecc|Chr1-43543493-43545487,Chr1,43543493,43545487,1995,30,3863,23,4278,1848.7
Uecc|Chr1-43546737-43549329,Chr1,43546737,43549329,2593,20,2254,7,4892,917.6
Uecc|Chr1-43549974-43554115,Chr1,43549974,43554115,4142,51,4309,32,5486,4203.7
Uecc|Chr1-43644951-43646984,Chr1,43644951,43646984,2034,7,4404,7,4404,902.8
Uecc|Chr1-43647577-43649981,Chr1,43647577,43649981,2405,21,4869,21,4869,1125.4
Uecc|Chr1-43650192-43651550,Chr1,43650192,43651550,1359,3,3853,3,3853,775.8
Uecc|Chr1-43688635-43690793,Chr1,43688635,43690793,2159,7,4128,7,4128,860.0
Uecc|Chr1-43910210-43913262,Chr1,43910210,43913262,3053,16,5413,16,5413,1144.6
Uecc|Chr1-43914452-43917268,Chr1,43914452,43917268,2817,65,2091,24,3845,2639.0
Uecc|Chr1-43917532-43920751,Chr1,43917532,43920751,3220,17,2643,9,4477,800.4
Uecc|Chr2-236571-239077,Chr2,236571,239077,2507,12,4870,12,4870,1001.2
Uecc|Chr2-240400-243084,Chr2,240400,243084,2685,34,3982,32,4189,1597.9
Uecc|Chr2-245116-248686,Chr2,245116,248686,3571,15,2358,9,3493,647.5
Uecc|Chr2-1809647-1810649,Chr2,1809647,1810649,1003,26,3096,17,4523,1020.9
Uecc|Chr2-1818767-1822513,Chr2,1818767,1822513,3747,132,2711,55,4721,9649.0
Uecc|Chr2-1907409-1908095,Chr2,1907409,1908095,687,9,4362,9,4362,907.2
Uecc|Chr2-2788052-2789256,Chr2,2788052,2789256,1205,9,1662,3,3218,539.6
Uecc|Chr2-2894949-2895608,Chr2,2894949,2895608,660,2,4756,2,4756,953.6
Uecc|Chr2-2899296-2900955,Chr2,2899296,2900955,1660,10,1799,4,3338,560.1
Uecc|Chr2-2904383-2905835,Chr2,2904383,2905835,1453,16,1717,4,3949,725.0
Uecc|Chr2-3019346-3021426,Chr2,3019346,3021426,2081,12,2138,5,3492,746.8
Uecc|Chr2-3822308-3825690,Chr2,3822308,3825690,3383,32,4523,32,4523,1323.8
Uecc|Chr2-3830837-3833188,Chr2,3830837,3833188,2352,16,4130,14,4569,1033.9
Uecc|Chr2-4166500-4167396,Chr2,4166500,4167396,897,4,4368,4,4368,886.0
Uecc|Chr2-4169157-4169489,Chr2,4169157,4169489,333,2,3632,2,3632,728.4
Uecc|Chr2-4929704-4931028,Chr2,4929704,4931028,1325,8,1499,2,3022,538.9
Uecc|Chr2-6917372-6918051,Chr2,6917372,6918051,680,4,3944,4,3944,797.2
Uecc|Chr2-7810808-7812916,Chr2,7810808,7812916,2109,10,2124,3,4632,722.2
Uecc|Chr2-7889350-7890691,Chr2,7889350,7890691,1342,7,1544,3,2471,425.9
Uecc|Chr2-7897595-7898305,Chr2,7897595,7898305,711,2,2792,2,2792,560.4
Uecc|Chr2-8809030-8810266,Chr2,8809030,8810266,1237,10,1105,2,3484,574.9
Uecc|Chr2-10055000-10056330,Chr2,10055000,10056330,1331,3,2195,3,2195,444.2
Uecc|Chr2-10057120-10058900,Chr2,10057120,10058900,1781,7,1887,2,4048,654.1
Uecc|Chr2-11927172-11928835,Chr2,11927172,11928835,1664,14,3764,9,4464,1051.8
Uecc|Chr2-11929056-11931823,Chr2,11929056,11931823,2768,15,3473,10,3957,750.8
Uecc|Chr2-11932511-11934174,Chr2,11932511,11934174,1664,15,3473,10,3957,994.0
Uecc|Chr2-11934395-11936901,Chr2,11934395,11936901,2507,3,2890,3,2890,580.8
Uecc|Chr2-11943011-11945131,Chr2,11943011,11945131,2121,19,3534,17,3839,880.9
Uecc|Chr2-11964875-11967207,Chr2,11964875,11967207,2333,142,2425,58,4196,9784.1
Uecc|Chr2-13416071-13417454,Chr2,13416071,13417454,1384,5,3502,5,3502,711.6
Uecc|Chr2-15799448-15799982,Chr2,15799448,15799982,535,5,3588,5,3588,734.0
Uecc|Chr2-16271093-16271627,Chr2,16271093,16271627,535,6,2923,6,2923,612.2
Uecc|Chr2-16479235-16484635,Chr2,16479235,16484635,5401,468,2591,197,4259,91585.6
Uecc|Chr2-16488099-16490054,Chr2,16488099,16490054,1956,90,1960,30,3883,6518.3
Uecc|Chr2-16490792-16491666,Chr2,16490792,16491666,875,3,2620,3,2620,529.6
Uecc|Chr2-17640499-17642023,Chr2,17640499,17642023,1525,8,2303,6,2779,526.6
Uecc|Chr2-17751224-17752514,Chr2,17751224,17752514,1291,5,1355,2,2360,394.9
Uecc|Chr2-20915092-20915977,Chr2,20915092,20915977,886,5,2574,3,4089,673.9
Uecc|Chr2-20923100-20925872,Chr2,20923100,20925872,2773,18,2779,10,4234,789.3
Uecc|Chr2-23794769-23795169,Chr2,23794769,23795169,401,2,4730,2,4730,948.0
Uecc|Chr2-23796615-23798915,Chr2,23796615,23798915,2301,31,1993,12,3594,1205.3
Uecc|Chr2-23855114-23857415,Chr2,23855114,23857415,2302,29,3900,28,4026,1394.8
Uecc|Chr2-24103840-24106063,Chr2,24103840,24106063,2224,44,2331,16,4158,2172.1
Uecc|Chr2-24488387-24489501,Chr2,24488387,24489501,1115,17,1314,6,2458,659.8
Uecc|Chr2-25028040-25029679,Chr2,25028040,25029679,1640,13,4815,13,4815,1189.8
Uecc|Chr2-26070766-26072446,Chr2,26070766,26072446,1681,36,1729,9,4485,940.8
Uecc|Chr2-27078994-27080965,Chr2,27078994,27080965,1972,57,1999,19,4086,2098.5
Uecc|Chr2-27379686-27381738,Chr2,27379686,27381738,2053,28,3201,18,4425,1406.6
Uecc|Chr2-28543521-28544962,Chr2,28543521,28544962,1442,7,2461,4,3866,646.9
Uecc|Chr2-28545377-28546949,Chr2,28545377,28546949,1573,7,1509,2,2914,473.3
Uecc|Chr2-30802801-30803822,Chr2,30802801,30803822,1022,9,1252,2,3526,515.2
Uecc|Chr2-32047965-32049992,Chr2,32047965,32049992,2028,16,3373,13,4046,959.3
Uecc|Chr2-32054605-32056529,Chr2,32054605,32056529,1925,18,4557,18,4557,1034.6
Uecc|Chr2-32057121-32059154,Chr2,32057121,32059154,2034,8,3428,6,4134,785.4
Uecc|Chr2-32376283-32377250,Chr2,32376283,32377250,968,3,4221,3,4221,848.2
Uecc|Chr2-32389735-32390656,Chr2,32389735,32390656,922,2,4551,2,4551,914.6
Uecc|Chr2-32632490-32632933,Chr2,32632490,32632933,444,3,5032,3,5032,1010.8
Uecc|Chr2-32637304-32639711,Chr2,32637304,32639711,2408,11,5001,11,5001,1045.8
Uecc|Chr2-33253109-33253823,Chr2,33253109,33253823,715,6,5807,6,5807,1190.6
Uecc|Chr2-33255215-33255604,Chr2,33255215,33255604,390,2,6006,2,6006,1204.0
Uecc|Chr2-34202286-34203955,Chr2,34202286,34203955,1670,39,1737,16,2971,1394.2
Uecc|Chr2-34809947-34810860,Chr2,34809947,34810860,914,14,4061,14,4061,891.0
Uecc|Chr2-36303887-36305091,Chr2,36303887,36305091,1205,46,1445,11,3826,2282.1
Uecc|Chr3-51651-53890,Chr3,51651,53890,2240,145,2609,63,4193,10722.6
Uecc|Chr3-56038-58285,Chr3,56038,58285,2248,6,4508,5,4990,1018.0
Uecc|Chr3-289606-290103,Chr3,289606,290103,498,2,2506,2,2506,503.2
Uecc|Chr3-829902-831929,Chr3,829902,831929,2028,19,3767,18,3945,1115.8
Uecc|Chr3-834308-835856,Chr3,834308,835856,1549,4,2168,2,4016,623.6
Uecc|Chr3-836413-838474,Chr3,836413,838474,2062,5,5071,5,5071,1033.0
Uecc|Chr3-839067-839755,Chr3,839067,839755,689,4,2924,3,3757,681.1
Uecc|Chr3-1918878-1920538,Chr3,1918878,1920538,1661,16,2066,9,3268,652.4
Uecc|Chr3-3310608-3312875,Chr3,3310608,3312875,2268,4,7209,3,8992,1625.9
Uecc|Chr3-3593916-3595246,Chr3,3593916,3595246,1331,3,4753,3,4753,955.0
Uecc|Chr3-4760664-4762533,Chr3,4760664,4762533,1870,13,1982,4,4031,707.5
Uecc|Chr3-6438382-6439249,Chr3,6438382,6439249,868,4,1554,2,2616,423.8
Uecc|Chr3-7584840-7585228,Chr3,7584840,7585228,389,2,3558,2,3558,714.0
Uecc|Chr3-9049470-9051106,Chr3,9049470,9051106,1637,5,5226,5,5226,1087.2
Uecc|Chr3-9852240-9855434,Chr3,9852240,9855434,3195,7,3706,3,5957,996.7
Uecc|Chr3-10442927-10445792,Chr3,10442927,10445792,2866,32,2960,10,6765,1761.3
Uecc|Chr3-10787597-10788287,Chr3,10787597,10788287,691,5,3200,5,3200,651.2
Uecc|Chr3-12137345-12138317,Chr3,12137345,12138317,973,3,6326,3,6326,1270.0
Uecc|Chr3-12144625-12145897,Chr3,12144625,12145897,1273,7,4155,6,4779,913.6
Uecc|Chr3-13770555-13771168,Chr3,13770555,13771168,614,3,3812,3,3812,766.0
Uecc|Chr3-13943473-13943948,Chr3,13943473,13943948,476,11,4315,8,5755,1036.0
Uecc|Chr3-13987062-13989407,Chr3,13987062,13989407,2346,48,4445,46,4627,2067.6
Uecc|Chr3-13990892-13991688,Chr3,13990892,13991688,797,2,3649,2,3649,732.2
Uecc|Chr3-13994292-13997593,Chr3,13994292,13997593,3302,29,5267,29,5267,1822.2
Uecc|Chr3-14165723-14169737,Chr3,14165723,14169737,4015,85,4287,85,4287,6702.6
Uecc|Chr3-14170748-14172829,Chr3,14170748,14172829,2082,17,4256,15,4785,1437.3
Uecc|Chr3-14220970-14221521,Chr3,14220970,14221521,552,3,4027,2,5853,1002.2
Uecc|Chr3-15216457-15217277,Chr3,15216457,15217277,821,10,954,3,2083,343.5
Uecc|Chr3-15434285-15435654,Chr3,15434285,15435654,1370,16,2448,16,2448,586.8
Uecc|Chr3-21052809-21053978,Chr3,21052809,21053978,1170,11,1436,3,3934,567.4
Uecc|Chr3-22254314-22255782,Chr3,22254314,22255782,1469,18,1566,5,3227,592.7
Uecc|Chr3-22266309-22266807,Chr3,22266309,22266807,499,2,4507,2,4507,904.6
Uecc|Chr3-22457458-22459143,Chr3,22457458,22459143,1686,9,1358,3,2882,479.6
Uecc|Chr3-22674812-22676508,Chr3,22674812,22676508,1697,9,1137,3,2258,362.7
Uecc|Chr3-22836431-22838271,Chr3,22836431,22838271,1841,4,5276,4,5276,1065.2
Uecc|Chr3-22840566-22841818,Chr3,22840566,22841818,1253,3,3919,3,3919,791.8
Uecc|Chr3-23634619-23634838,Chr3,23634619,23634838,220,2,4545,2,4545,911.0
Uecc|Chr3-23670350-23671436,Chr3,23670350,23671436,1087,8,1255,2,3137,465.2
Uecc|Chr3-24187741-24188227,Chr3,24187741,24188227,487,2,3140,2,3140,630.4
Uecc|Chr3-24520259-24521447,Chr3,24520259,24521447,1189,6,8040,5,9414,1766.4
Uecc|Chr3-25306039-25307124,Chr3,25306039,25307124,1086,14,1237,3,3506,536.1
Uecc|Chr3-25579503-25580803,Chr3,25579503,25580803,1301,14,1242,3,2907,493.5
Uecc|Chr3-25837343-25837613,Chr3,25837343,25837613,271,7,4456,7,4456,914.0
Uecc|Chr3-26999232-26999606,Chr3,26999232,26999606,375,3,2633,3,2633,529.8
Uecc|Chr3-27432103-27433450,Chr3,27432103,27433450,1348,21,4278,21,4278,1076.4
Uecc|Chr3-27433808-27437932,Chr3,27433808,27437932,4125,59,3328,33,4739,2717.5
Uecc|Chr3-27960567-27960803,Chr3,27960567,27960803,237,13,1357,2,7524,930.7
Uecc|Chr3-30239209-30240005,Chr3,30239209,30240005,797,2,4174,2,4174,836.8
Uecc|Chr3-30845248-30847182,Chr3,30845248,30847182,1935,9,1238,3,2643,403.7
Uecc|Chr3-31171415-31172590,Chr3,31171415,31172590,1176,44,4634,43,4717,2082.5
Uecc|Chr3-31750921-31752850,Chr3,31750921,31752850,1930,3,6101,3,6101,1223.4
Uecc|Chr3-32058771-32059327,Chr3,32058771,32059327,557,9,1767,5,2954,521.3
Uecc|Chr3-32075498-32076820,Chr3,32075498,32076820,1323,7,1235,2,2778,421.1
Uecc|Chr3-32210690-32211512,Chr3,32210690,32211512,823,2,3022,2,3022,606.8
Uecc|Chr3-32783486-32788369,Chr3,32783486,32788369,4884,194,4135,126,5047,21152.2
Uecc|Chr3-33733498-33736802,Chr3,33733498,33736802,3305,34,5341,34,5341,2365.0
Uecc|Chr3-33738793-33740323,Chr3,33738793,33740323,1531,2,3064,2,3064,614.8
Uecc|Chr3-33741684-33744029,Chr3,33741684,33744029,2346,142,3262,87,4548,12401.2
Uecc|Chr3-34792068-34794558,Chr3,34792068,34794558,2491,10,4267,10,4267,909.0
Uecc|Chr3-34840065-34845133,Chr3,34840065,34845133,5069,14,2824,6,4560,774.8
Uecc|Chr3-35808747-35810189,Chr3,35808747,35810189,1443,7,1387,2,3368,494.9
Uecc|Chr3-36501983-36504270,Chr3,36501983,36504270,2288,6,3137,2,7006,1035.5
Uecc|Chr3-36998001-36998849,Chr3,36998001,36998849,849,10,4363,10,4363,913.8
Uecc|Chr3-37006577-37008836,Chr3,37006577,37008836,2260,2,3700,2,3700,760.4
Uecc|Chr4-422331-426812,Chr4,422331,426812,4482,29,4161,27,4423,1386.4
Uecc|Chr4-428270-429349,Chr4,428270,429349,1080,2,4843,2,4843,971.4
Uecc|Chr4-1399080-1401082,Chr4,1399080,1401082,2003,7,1997,2,4430,743.3
Uecc|Chr4-1635564-1637817,Chr4,1635564,1637817,2254,8,2826,4,4378,783.6
Uecc|Chr4-2353610-2354801,Chr4,2353610,2354801,1192,13,1347,2,4374,728.3
Uecc|Chr4-2887368-2889602,Chr4,2887368,2889602,2235,29,4207,28,4325,1307.8
Uecc|Chr4-2890613-2892694,Chr4,2890613,2892694,2082,3,4132,3,4132,830.8
Uecc|Chr4-3826015-3827928,Chr4,3826015,3827928,1914,4,2624,4,2624,533.2
Uecc|Chr4-3848570-3849629,Chr4,3848570,3849629,1060,2,3142,2,3142,631.6
Uecc|Chr4-3970643-3972012,Chr4,3970643,3972012,1370,17,2460,16,2594,633.6
Uecc|Chr4-5369187-5370768,Chr4,5369187,5370768,1582,38,3316,28,4229,1415.3
Uecc|Chr4-5638566-5642168,Chr4,5638566,5642168,3603,21,3758,18,4324,937.2
Uecc|Chr4-5644069-5646635,Chr4,5644069,5646635,2567,15,2013,8,3100,691.5
Uecc|Chr4-5649664-5651263,Chr4,5649664,5651263,1600,6,2990,5,3495,678.7
Uecc|Chr4-6703806-6704733,Chr4,6703806,6704733,928,2,6022,2,6022,1206.8
Uecc|Chr4-7499428-7502729,Chr4,7499428,7502729,3302,24,5495,24,5495,1671.4
Uecc|Chr4-9230835-9233672,Chr4,9230835,9233672,2838,12,4162,11,4516,926.4
Uecc|Chr4-9234099-9240708,Chr4,9234099,9240708,6610,207,4031,174,4593,20237.8
Uecc|Chr4-9269100-9271397,Chr4,9269100,9271397,2298,2,3993,2,3993,803.4
Uecc|Chr4-9273085-9275387,Chr4,9273085,9275387,2303,2,3993,2,3993,803.4
Uecc|Chr4-9303420-9310029,Chr4,9303420,9310029,6610,210,3884,170,4530,21255.4
Uecc|Chr4-9310456-9322680,Chr4,9310456,9322680,12225,23,5028,18,5705,1217.5
Uecc|Chr4-9333906-9341691,Chr4,9333906,9341691,7786,10,4667,8,5203,1021.0
Uecc|Chr4-9374144-9379492,Chr4,9374144,9379492,5349,46,3411,41,3750,1648.7
Uecc|Chr4-9665598-9666838,Chr4,9665598,9666838,1241,2,2900,2,2900,582.4
Uecc|Chr4-9675504-9676338,Chr4,9675504,9676338,835,6,3940,5,4676,877.4
Uecc|Chr4-9741031-9742296,Chr4,9741031,9742296,1266,2,2300,2,2300,462.4
Uecc|Chr4-9922879-9924113,Chr4,9922879,9924113,1235,19,3873,18,4037,990.0
Uecc|Chr4-10364778-10366830,Chr4,10364778,10366830,2053,14,4313,14,4313,964.6
Uecc|Chr4-11006586-11007840,Chr4,11006586,11007840,1255,93,1294,29,2539,4706.1
Uecc|Chr4-11209763-11210911,Chr4,11209763,11210911,1149,5,4846,5,4846,994.0
Uecc|Chr4-11215280-11217272,Chr4,11215280,11217272,1993,12,3863,12,3863,875.8
Uecc|Chr4-11248722-11249715,Chr4,11248722,11249715,994,4,4548,4,4548,918.4
Uecc|Chr4-12249522-12252404,Chr4,12249522,12252404,2883,14,3477,13,3692,881.1
Uecc|Chr4-12492553-12493617,Chr4,12492553,12493617,1065,6,3428,6,3428,700.8
Uecc|Chr4-12501340-12503690,Chr4,12501340,12503690,2351,60,5037,60,5037,3329.4
Uecc|Chr4-13859264-13859951,Chr4,13859264,13859951,688,7,3118,5,4235,749.7
Uecc|Chr4-13864292-13866512,Chr4,13864292,13866512,2221,7,2518,4,3522,617.4
Uecc|Chr4-13870383-13871766,Chr4,13870383,13871766,1384,40,2288,21,3362,1109.6
Uecc|Chr4-13875256-13876636,Chr4,13875256,13876636,1381,37,3087,30,3406,1177.9
Uecc|Chr4-14378424-14379059,Chr4,14378424,14379059,636,4,3688,4,3688,745.2
Uecc|Chr4-14386881-14389222,Chr4,14386881,14389222,2342,53,4931,53,4931,2975.4
Uecc|Chr4-15074878-15077100,Chr4,15074878,15077100,2223,22,4436,22,4436,1408.4
Uecc|Chr4-16618523-16620156,Chr4,16618523,16620156,1634,5,2278,2,4505,685.7
Uecc|Chr4-19185876-19188325,Chr4,19185876,19188325,2450,311,2547,124,4468,46781.7
Uecc|Chr4-19191286-19192594,Chr4,19191286,19192594,1309,8,4341,8,4341,915.0
Uecc|Chr4-20100351-20103038,Chr4,20100351,20103038,2688,416,2670,176,4407,74733.3
Uecc|Chr4-20747663-20749093,Chr4,20747663,20749093,1431,8,1821,4,2556,466.5
Uecc|Chr4-21878806-21881573,Chr4,21878806,21881573,2768,28,2414,12,4062,1106.4
Uecc|Chr4-21882886-21883226,Chr4,21882886,21883226,341,2,4178,2,4178,838.8
Uecc|Chr4-21969354-21970838,Chr4,21969354,21970838,1485,55,1273,14,3060,1637.5
Uecc|Chr4-22316861-22317906,Chr4,22316861,22317906,1046,20,4528,19,4755,1028.1
Uecc|Chr4-23941433-23943366,Chr4,23941433,23943366,1934,7,2587,2,6356,921.3
Uecc|Chr4-24178176-24180477,Chr4,24178176,24180477,2302,4,4194,4,4194,844.4
Uecc|Chr4-25340633-25342198,Chr4,25340633,25342198,1566,10,1878,3,4752,703.2
Uecc|Chr4-26571631-26572659,Chr4,26571631,26572659,1029,9,4071,9,4071,867.0
Uecc|Chr4-26829694-26830916,Chr4,26829694,26830916,1223,13,4368,13,4368,953.2
Uecc|Chr4-26831935-26835182,Chr4,26831935,26835182,3248,43,2346,20,3980,1164.8
Uecc|Chr4-26840991-26842282,Chr4,26840991,26842282,1292,4,4225,4,4225,854.6
Uecc|Chr4-27102436-27104552,Chr4,27102436,27104552,2117,5,4117,5,4117,856.2
Uecc|Chr4-27105949-27112712,Chr4,27105949,27112712,6764,35,2402,16,4333,1113.7
Uecc|Chr4-27813508-27815159,Chr4,27813508,27815159,1652,4,4154,3,5465,967.3
Uecc|Chr4-27815328-27819564,Chr4,27815328,27819564,4237,20,3950,20,3950,884.4
Uecc|Chr4-27991078-27993621,Chr4,27991078,27993621,2544,10,2335,3,5324,892.9
Uecc|Chr4-28825235-28826580,Chr4,28825235,28826580,1346,9,4190,9,4190,880.4
Uecc|Chr4-28826764-28831930,Chr4,28826764,28831930,5167,145,3206,77,4700,11917.4
Uecc|Chr4-29126260-29127075,Chr4,29126260,29127075,816,2,3490,2,3490,700.8
Uecc|Chr4-30195531-30196900,Chr4,30195531,30196900,1370,13,2800,13,2800,608.8
Uecc|Chr4-30860692-30862393,Chr4,30860692,30862393,1702,45,4113,45,4113,2103.8
Uecc|Chr4-31717520-31719183,Chr4,31717520,31719183,1664,8,2977,8,2977,623.0
Uecc|Chr4-32816047-32818039,Chr4,32816047,32818039,1993,9,4623,9,4623,950.6
Uecc|Chr4-32822490-32823728,Chr4,32822490,32823728,1239,6,4158,5,4932,924.0
Uecc|Chr4-32824417-32826309,Chr4,32824417,32826309,1893,23,2394,12,3926,933.0
Uecc|Chr4-33005224-33007448,Chr4,33005224,33007448,2225,5,4712,5,4712,951.6
Uecc|Chr4-33379534-33381088,Chr4,33379534,33381088,1555,12,6522,12,6522,1342.4
Uecc|Chr4-33399412-33400734,Chr4,33399412,33400734,1323,5,6602,3,9973,1670.3
Uecc|Chr4-33403710-33406253,Chr4,33403710,33406253,2544,63,7085,59,7500,4412.5
Uecc|Chr4-33748065-33750948,Chr4,33748065,33750948,2884,52,4175,52,4175,2508.6
Uecc|Chr4-33753204-33754767,Chr4,33753204,33754767,1564,3,3414,2,4656,812.4
Uecc|Chr4-34702890-34705218,Chr4,34702890,34705218,2329,9,4394,9,4394,980.8
Uecc|Chr4-35086328-35087404,Chr4,35086328,35087404,1077,99,1133,25,2644,3855.7
Uecc|Chr4-35677925-35679005,Chr4,35677925,35679005,1081,2,4052,2,4052,817.6
Uecc|Chr4-35746590-35747305,Chr4,35746590,35747305,716,2,4394,2,4394,882.0
Uecc|Chr4-35771938-35777629,Chr4,35771938,35777629,5692,20,3790,20,3790,976.0
Uecc|Chr4-35778536-35780512,Chr4,35778536,35780512,1977,11,1514,2,4578,689.4
Uecc|Chr5-245726-246100,Chr5,245726,246100,375,3,2633,3,2633,529.8
Uecc|Chr5-247042-249261,Chr5,247042,249261,2220,3,4940,3,4940,996.0
Uecc|Chr5-405780-406898,Chr5,405780,406898,1119,2,5558,2,5558,1116.4
Uecc|Chr5-1105846-1106089,Chr5,1105846,1106089,244,3,3857,3,3857,774.2
Uecc|Chr5-1108861-1111371,Chr5,1108861,1111371,2511,20,3020,9,4721,1138.3
Uecc|Chr5-1112302-1114468,Chr5,1112302,1114468,2167,4,4681,4,4681,946.2
Uecc|Chr5-1973246-1974868,Chr5,1973246,1974868,1623,12,3938,11,4221,875.7
Uecc|Chr5-2428274-2430187,Chr5,2428274,2430187,1914,5,1477,2,2624,420.3
Uecc|Chr5-3617839-3619581,Chr5,3617839,3619581,1743,41,3962,40,4044,1848.0
Uecc|Chr5-4196929-4198722,Chr5,4196929,4198722,1794,19,1937,8,3303,834.6
Uecc|Chr5-5072396-5074936,Chr5,5072396,5074936,2541,109,2715,44,4676,7322.1
Uecc|Chr5-5597431-5597783,Chr5,5597431,5597783,353,2,3664,2,3664,734.8
Uecc|Chr5-5750831-5753568,Chr5,5750831,5753568,2738,12,3343,8,4391,832.6
Uecc|Chr5-6047112-6047997,Chr5,6047112,6047997,886,2,3554,2,3554,715.6
Uecc|Chr5-6063015-6064454,Chr5,6063015,6064454,1440,7,1415,2,3100,478.5
Uecc|Chr5-8104032-8105362,Chr5,8104032,8105362,1331,3,3052,2,4302,739.6
Uecc|Chr5-9064849-9066218,Chr5,9064849,9066218,1370,30,1273,10,2344,672.1
Uecc|Chr5-9154690-9156950,Chr5,9154690,9156950,2261,2,3700,2,3700,761.2
Uecc|Chr5-10783230-10783950,Chr5,10783230,10783950,721,11,954,2,3055,502.7
Uecc|Chr5-12014239-12014637,Chr5,12014239,12014637,399,2,5209,2,5209,1043.8
Uecc|Chr5-12492735-12494034,Chr5,12492735,12494034,1300,12,5122,12,5122,1098.0
Uecc|Chr5-12502237-12504566,Chr5,12502237,12504566,2330,4,2717,2,4323,729.6
Uecc|Chr5-12649240-12650454,Chr5,12649240,12650454,1215,2,2289,2,2289,461.0
Uecc|Chr5-12653918-12656141,Chr5,12653918,12656141,2224,3,3214,2,4586,800.6
Uecc|Chr5-13269745-13270147,Chr5,13269745,13270147,403,4,2658,4,2658,534.8
Uecc|Chr5-13274633-13276224,Chr5,13274633,13276224,1592,2,5709,2,5709,1145.0
Uecc|Chr5-13304409-13304811,Chr5,13304409,13304811,403,4,2658,4,2658,534.8
Uecc|Chr5-14197566-14199594,Chr5,14197566,14199594,2029,31,2391,15,4002,1401.7
Uecc|Chr5-14206701-14207388,Chr5,14206701,14207388,688,3,4364,3,4364,880.8
Uecc|Chr5-15946856-15947162,Chr5,15946856,15947162,307,2,7057,2,7057,1413.4
Uecc|Chr5-17042391-17043356,Chr5,17042391,17043356,966,7,4682,7,4682,972.8
Uecc|Chr5-17043470-17044193,Chr5,17043470,17044193,724,2,2906,2,2906,583.6
Uecc|Chr5-17045927-17046438,Chr5,17045927,17046438,512,2,3988,2,3988,801.2
Uecc|Chr5-17330757-17333789,Chr5,17330757,17333789,3033,35,3638,14,6384,1538.0
Uecc|Chr5-17805388-17806601,Chr5,17805388,17806601,1214,3,2833,3,2833,570.2
Uecc|Chr5-19913071-19914109,Chr5,19913071,19914109,1039,27,1143,7,2442,801.7
Uecc|Chr5-20237138-20239492,Chr5,20237138,20239492,2355,251,2201,89,4186,25810.3
Uecc|Chr5-20240969-20242241,Chr5,20240969,20242241,1273,2,2267,2,2267,455.8
Uecc|Chr5-21920930-21921370,Chr5,21920930,21921370,441,3,4869,3,4869,982.2
Uecc|Chr5-22210522-22212505,Chr5,22210522,22212505,1984,8,1654,3,2684,459.2
Uecc|Chr5-22452448-22453134,Chr5,22452448,22453134,687,2,2672,2,2672,537.2
Uecc|Chr5-24084694-24085758,Chr5,24084694,24085758,1065,4,2653,2,4731,745.6
Uecc|Chr5-24510111-24513123,Chr5,24510111,24513123,3013,70,3065,32,4801,3663.8
Uecc|Chr5-24864250-24866842,Chr5,24864250,24866842,2593,62,2664,26,4509,3180.9
Uecc|Chr5-25056325-25058414,Chr5,25056325,25058414,2090,32,4091,30,4322,1394.1
Uecc|Chr5-25160402-25164932,Chr5,25160402,25164932,4531,2,5093,2,5093,1029.8
Uecc|Chr5-26197738-26200587,Chr5,26197738,26200587,2850,6,3608,6,3608,767.6
Uecc|Chr5-26650677-26652121,Chr5,26650677,26652121,1445,11,1764,3,4723,670.7
Uecc|Chr5-28616712-28617086,Chr5,28616712,28617086,375,3,2633,3,2633,529.8
Uecc|Chr5-28618512-28619277,Chr5,28618512,28619277,766,4,5146,4,5146,1040.4
Uecc|Chr5-29241429-29243065,Chr5,29241429,29243065,1637,10,1737,4,2882,531.5
Uecc|Chr6-409640-412485,Chr6,409640,412485,2846,2,4474,2,4474,897.2
Uecc|Chr6-485357-486416,Chr6,485357,486416,1060,5,2654,4,3236,597.2
Uecc|Chr6-490259-492011,Chr6,490259,492011,1753,8,5215,8,5215,1091.4
Uecc|Chr6-493599-493988,Chr6,493599,493988,390,2,6006,2,6006,1204.0
Uecc|Chr6-496975-498123,Chr6,496975,498123,1149,5,3341,4,4022,744.5
Uecc|Chr6-1349067-1353516,Chr6,1349067,1353516,4450,2,6611,2,6611,1325.4
Uecc|Chr6-2375592-2378095,Chr6,2375592,2378095,2504,9,3313,7,4080,761.7
Uecc|Chr6-2379919-2386867,Chr6,2379919,2386867,6949,62,2826,35,4222,2695.8
Uecc|Chr6-2949412-2950297,Chr6,2949412,2950297,886,3,2817,2,3869,680.4
Uecc|Chr6-2952046-2953876,Chr6,2952046,2953876,1831,10,1537,3,3208,619.1
Uecc|Chr6-4673353-4674564,Chr6,4673353,4674564,1212,3,5022,3,5022,1010.4
Uecc|Chr6-4676861-4678569,Chr6,4676861,4678569,1709,45,4108,45,4108,2051.2
Uecc|Chr6-5075944-5076478,Chr6,5075944,5076478,535,6,3451,6,3451,715.4
Uecc|Chr6-6754701-6755965,Chr6,6754701,6755965,1265,4,1501,2,2162,378.3
Uecc|Chr6-8074728-8076590,Chr6,8074728,8076590,1863,43,1622,14,3321,1082.9
Uecc|Chr6-8969455-8970044,Chr6,8969455,8970044,590,10,3165,9,3484,693.9
Uecc|Chr6-8973028-8974630,Chr6,8973028,8974630,1603,71,1969,27,3607,3161.2
Uecc|Chr6-8988480-8989625,Chr6,8988480,8989625,1146,16,3614,14,4074,876.8
Uecc|Chr6-9233556-9234115,Chr6,9233556,9234115,560,5,3903,5,3903,790.2
Uecc|Chr6-9253143-9255914,Chr6,9253143,9255914,2772,8,2733,6,3306,626.7
Uecc|Chr6-9409313-9410144,Chr6,9409313,9410144,832,7,4197,7,4197,853.4
Uecc|Chr6-9414010-9416230,Chr6,9414010,9416230,2221,5,3055,4,3522,664.7
Uecc|Chr6-9417614-9418582,Chr6,9417614,9418582,969,2,6824,2,6824,1367.6
Uecc|Chr6-9469337-9469740,Chr6,9469337,9469740,404,5,505,2,740,129.5
Uecc|Chr6-9481071-9481475,Chr6,9481071,9481475,405,5,2185,4,2658,492.5
Uecc|Chr6-10506531-10508408,Chr6,10506531,10508408,1878,5,4914,5,4914,994.8
Uecc|Chr6-10510424-10512451,Chr6,10510424,10512451,2028,8,3740,8,3740,781.2
Uecc|Chr6-11751650-11752024,Chr6,11751650,11752024,375,3,2633,3,2633,529.8
Uecc|Chr6-12430175-12431266,Chr6,12430175,12431266,1092,17,3882,13,4955,1059.7
Uecc|Chr6-12576647-12578679,Chr6,12576647,12578679,2033,162,1932,52,3981,10217.3
Uecc|Chr6-12715545-12717681,Chr6,12715545,12717681,2137,20,5361,18,5890,1369.5
Uecc|Chr6-12717844-12721258,Chr6,12717844,12721258,3415,370,6193,368,6224,40344.1
Uecc|Chr6-14743627-14745546,Chr6,14743627,14745546,1920,7,4895,6,5625,1072.6
Uecc|Chr6-14746305-14748236,Chr6,14746305,14748236,1932,3,3923,3,3923,789.4
Uecc|Chr6-14750337-14752259,Chr6,14750337,14752259,1923,15,2323,7,4539,791.8
Uecc|Chr6-16800778-16802065,Chr6,16800778,16802065,1288,4,4514,4,4514,910.4
Uecc|Chr6-16802656-16805410,Chr6,16802656,16805410,2755,126,2858,55,4610,10020.2
Uecc|Chr6-18888337-18890497,Chr6,18888337,18890497,2161,13,4188,13,4188,1031.6
Uecc|Chr6-19930505-19934339,Chr6,19930505,19934339,3835,178,5069,177,5088,27291.1
Uecc|Chr6-20216494-20218481,Chr6,20216494,20218481,1988,9,3951,3,9511,1382.2
Uecc|Chr6-20326462-20328685,Chr6,20326462,20328685,2224,15,3977,15,3977,989.0
Uecc|Chr6-23734171-23735699,Chr6,23734171,23735699,1529,7,6366,7,6366,1297.2
Uecc|Chr6-23739225-23740639,Chr6,23739225,23740639,1415,5,4142,4,4908,938.0
Uecc|Chr6-23769726-23772597,Chr6,23769726,23772597,2872,10,5578,10,5578,1162.4
Uecc|Chr6-24107869-24110410,Chr6,24107869,24110410,2542,11,2786,5,4292,925.4
Uecc|Chr6-24629890-24631833,Chr6,24629890,24631833,1944,218,1863,72,3854,15725.3
Uecc|Chr6-24972867-24973565,Chr6,24972867,24973565,699,5,3826,5,3826,775.2
Uecc|Chr6-24975228-24982803,Chr6,24975228,24982803,7576,64,4119,51,4955,1666.8
Uecc|Chr6-26051707-26053372,Chr6,26051707,26053372,1666,2,5930,2,5930,1189.2
Uecc|Chr6-26191941-26193529,Chr6,26191941,26193529,1589,2,4578,2,4578,924.8
Uecc|Chr6-26194926-26198795,Chr6,26194926,26198795,3870,13,3824,13,3824,894.4
Uecc|Chr6-26475807-26477349,Chr6,26475807,26477349,1543,7,1634,2,4080,599.6
Uecc|Chr6-26662948-26663350,Chr6,26662948,26663350,403,4,2658,4,2658,534.8
Uecc|Chr6-26688936-26689338,Chr6,26688936,26689338,403,4,2658,4,2658,534.8
Uecc|Chr6-26983501-26984263,Chr6,26983501,26984263,763,8,4741,8,4741,977.4
Uecc|Chr6-27785848-27790230,Chr6,27785848,27790230,4383,95,1816,35,3523,4315.9
Uecc|Chr6-28049139-28050700,Chr6,28049139,28050700,1562,27,4467,27,4467,1225.8
Uecc|Chr6-28051924-28054440,Chr6,28051924,28054440,2517,4,3636,4,3636,745.6
Uecc|Chr6-28054538-28056715,Chr6,28054538,28056715,2178,21,4931,21,4931,1304.6
Uecc|Chr6-28215641-28216747,Chr6,28215641,28216747,1107,3,2645,3,2645,535.8
Uecc|Chr6-28216986-28218459,Chr6,28216986,28218459,1474,7,5039,7,5039,1031.4
Uecc|Chr6-29302185-29302701,Chr6,29302185,29302701,517,2,4594,2,4594,924.8
Uecc|Chr6-29963382-29965618,Chr6,29963382,29965618,2237,4,4913,4,4913,1001.0
Uecc|Chr6-29965787-29967493,Chr6,29965787,29967493,1707,19,3489,17,3808,1009.3
Uecc|Chr6-29972009-29972820,Chr6,29972009,29972820,812,2,4858,2,4858,977.6
Uecc|Chr6-31610129-31611128,Chr6,31610129,31611128,1000,2,4990,2,4990,1001.2
Uecc|Chr6-31611817-31612089,Chr6,31611817,31612089,273,2,5562,2,5562,1114.4
Uecc|Chr6-32112943-32113725,Chr6,32112943,32113725,783,14,809,4,1792,345.3
Uecc|Chr7-32419-33637,Chr7,32419,33637,1219,6,2436,3,3599,624.9
Uecc|Chr7-36646-40305,Chr7,36646,40305,3660,11,4087,11,4087,905.8
Uecc|Chr7-399499-401718,Chr7,399499,401718,2220,4,3522,4,3522,709.2
Uecc|Chr7-402769-404250,Chr7,402769,404250,1482,6,4328,6,4328,882.0
Uecc|Chr7-2958246-2959577,Chr7,2958246,2959577,1332,7,1333,2,3032,452.7
Uecc|Chr7-4471873-4473480,Chr7,4471873,4473480,1608,5,2115,2,3994,628.7
Uecc|Chr7-5388985-5390497,Chr7,5388985,5390497,1513,27,1491,10,2628,1038.5
Uecc|Chr7-5431828-5434171,Chr7,5431828,5434171,2344,70,4659,70,4659,4012.2
Uecc|Chr7-5439058-5442369,Chr7,5439058,5442369,3312,29,5311,29,5311,1889.4
Uecc|Chr7-9136150-9137729,Chr7,9136150,9137729,1580,14,4487,14,4487,972.6
Uecc|Chr7-9140478-9143363,Chr7,9140478,9143363,2886,40,3634,39,3720,1379.2
Uecc|Chr7-10662786-10664452,Chr7,10662786,10664452,1667,13,1849,5,3426,584.7
Uecc|Chr7-11175488-11176906,Chr7,11175488,11176906,1419,5,1885,2,3571,553.0
Uecc|Chr7-14388490-14400715,Chr7,14388490,14400715,12226,15,4744,11,5766,1117.0
Uecc|Chr7-16845138-16845579,Chr7,16845138,16845579,442,2,3720,2,3720,748.4
Uecc|Chr7-18157036-18158073,Chr7,18157036,18158073,1038,2,1876,2,1876,377.6
Uecc|Chr7-18252325-18253685,Chr7,18252325,18253685,1361,4,2906,2,5128,809.4
Uecc|Chr7-18275278-18276246,Chr7,18275278,18276246,969,2,1876,2,1876,377.6
Uecc|Chr7-18606371-18606757,Chr7,18606371,18606757,387,2,4398,2,4398,881.6
Uecc|Chr7-18615182-18615488,Chr7,18615182,18615488,307,2,5962,2,5962,1198.0
Uecc|Chr7-19012238-19014072,Chr7,19012238,19014072,1835,27,1772,8,3838,1180.8
Uecc|Chr7-19164070-19167071,Chr7,19164070,19167071,3002,54,4530,53,4602,3002.6
Uecc|Chr7-19402152-19403199,Chr7,19402152,19403199,1048,13,5213,13,5213,1198.6
Uecc|Chr7-19438689-19439077,Chr7,19438689,19439077,389,2,3558,2,3558,714.0
Uecc|Chr7-19446236-19446827,Chr7,19446236,19446827,592,5,6339,5,6339,1309.8
Uecc|Chr7-19946122-19948081,Chr7,19946122,19948081,1960,13,2342,4,5058,1020.2
Uecc|Chr7-20098319-20102155,Chr7,20098319,20102155,3837,271,3280,129,4936,49488.8
Uecc|Chr7-20472611-20473453,Chr7,20472611,20473453,843,4,3959,4,3959,797.8
Uecc|Chr7-21086642-21088301,Chr7,21086642,21088301,1660,52,1865,18,3567,1802.8
Uecc|Chr7-21721279-21723360,Chr7,21721279,21723360,2082,6,3603,5,4244,816.9
Uecc|Chr7-21724597-21726884,Chr7,21724597,21726884,2288,29,4096,29,4096,1512.8
Uecc|Chr7-21774037-21774438,Chr7,21774037,21774438,402,2,5209,2,5209,1043.8
Uecc|Chr7-21776188-21777281,Chr7,21776188,21777281,1094,3,4957,3,4957,1013.0
Uecc|Chr7-22643575-22644818,Chr7,22643575,22644818,1244,8,1234,3,2060,352.8
Uecc|Chr7-23366964-23367779,Chr7,23366964,23367779,816,2,4290,2,4290,862.8
Uecc|Chr7-23943510-23945199,Chr7,23943510,23945199,1690,21,1691,6,3455,754.0
Uecc|Chr7-24555359-24557531,Chr7,24555359,24557531,2173,5,5126,4,6117,1132.9
Uecc|Chr7-24828525-24829512,Chr7,24828525,24829512,988,7,5110,7,5110,1045.6
Uecc|Chr7-25249578-25250952,Chr7,25249578,25250952,1375,10,4399,10,4399,922.6
Uecc|Chr7-25254747-25256108,Chr7,25254747,25256108,1362,2,4311,2,4311,864.2
Uecc|Chr7-25313671-25316184,Chr7,25313671,25316184,2514,4,3336,2,5054,845.4
Uecc|Chr7-25318606-25320072,Chr7,25318606,25320072,1467,11,3118,10,3408,701.2
Uecc|Chr7-25400050-25401891,Chr7,25400050,25401891,1842,16,3405,14,3852,824.5
Uecc|Chr7-25405422-25406726,Chr7,25405422,25406726,1305,5,6748,5,6748,1363.6
Uecc|Chr7-25646577-25647030,Chr7,25646577,25647030,454,2,3340,2,3340,671.2
Uecc|Chr7-28253465-28254370,Chr7,28253465,28254370,906,7,4145,7,4145,855.4
Uecc|Chr8-1006877-1010083,Chr8,1006877,1010083,3207,17,4580,17,4580,1123.6
Uecc|Chr8-1010278-1011395,Chr8,1010278,1011395,1118,2,3835,2,3835,774.2
Uecc|Chr8-1176488-1179011,Chr8,1176488,1179011,2524,55,3044,21,5661,2980.1
Uecc|Chr8-1907250-1907731,Chr8,1907250,1907731,482,10,4912,10,4912,1026.4
Uecc|Chr8-4039176-4041523,Chr8,4039176,4041523,2348,12,4494,12,4494,935.2
Uecc|Chr8-4230416-4232330,Chr8,4230416,4232330,1915,8,2111,2,4529,714.4
Uecc|Chr8-4234653-4235475,Chr8,4234653,4235475,823,3,3629,2,4529,818.0
Uecc|Chr8-5355298-5356664,Chr8,5355298,5356664,1367,9,4292,9,4292,915.6
Uecc|Chr8-5356867-5357864,Chr8,5356867,5357864,998,2,6315,2,6315,1268.6
Uecc|Chr8-5359602-5361046,Chr8,5359602,5361046,1445,6,3980,6,3980,818.0
Uecc|Chr8-8806328-8807593,Chr8,8806328,8807593,1266,6,1951,3,3224,530.5
Uecc|Chr8-9111787-9113452,Chr8,9111787,9113452,1666,7,3096,7,3096,644.4
Uecc|Chr8-9300325-9304076,Chr8,9300325,9304076,3752,102,4476,93,4869,7896.3
Uecc|Chr8-9308474-9318392,Chr8,9308474,9318392,9919,6,6296,4,7455,1392.7
Uecc|Chr8-10625933-10627311,Chr8,10625933,10627311,1379,13,1746,5,3232,581.8
Uecc|Chr8-11145708-11146856,Chr8,11145708,11146856,1149,2,5154,2,5154,1035.6
Uecc|Chr8-11369410-11370332,Chr8,11369410,11370332,923,2,4430,2,4430,889.2
Uecc|Chr8-11647899-11649667,Chr8,11647899,11649667,1769,3,2284,2,3024,535.4
Uecc|Chr8-12277852-12279945,Chr8,12277852,12279945,2094,37,2152,13,4251,1429.1
Uecc|Chr8-12872443-12872889,Chr8,12872443,12872889,447,14,2014,5,4888,714.8
Uecc|Chr8-14368996-14371397,Chr8,14368996,14371397,2402,11,2434,4,4453,809.7
Uecc|Chr8-14604005-14604273,Chr8,14604005,14604273,269,3,4995,3,4995,1002.6
Uecc|Chr8-15033463-15034142,Chr8,15033463,15034142,680,3,4298,3,4298,863.2
Uecc|Chr8-15120939-15121574,Chr8,15120939,15121574,636,4,3688,4,3688,745.2
Uecc|Chr8-15323365-15325585,Chr8,15323365,15325585,2221,4,3522,4,3522,709.2
Uecc|Chr8-15329982-15330281,Chr8,15329982,15330281,300,5,4817,5,4817,978.6
Uecc|Chr8-15855564-15857265,Chr8,15855564,15857265,1702,122,1878,38,3838,7395.6
Uecc|Chr8-17286062-17287625,Chr8,17286062,17287625,1564,10,1400,3,2882,475.2
Uecc|Chr8-20377573-20380830,Chr8,20377573,20380830,3258,5,3879,2,6470,1044.7
Uecc|Chr8-20428487-20431364,Chr8,20428487,20431364,2878,16,3520,14,3970,818.2
Uecc|Chr8-20438342-20439227,Chr8,20438342,20439227,886,7,3992,7,3992,814.8
Uecc|Chr8-21094764-21096817,Chr8,21094764,21096817,2054,32,2739,16,4322,1582.1
Uecc|Chr8-21119785-21123248,Chr8,21119785,21123248,3464,45,1991,16,3835,966.4
Uecc|Chr8-21969022-21970340,Chr8,21969022,21970340,1319,14,1775,4,3946,770.9
Uecc|Chr8-22215240-22216059,Chr8,22215240,22216059,820,2,4195,2,4195,842.2
Uecc|Chr8-22716372-22718264,Chr8,22716372,22718264,1893,17,4280,17,4280,1079.2
Uecc|Chr8-22797796-22798909,Chr8,22797796,22798909,1114,5,1242,2,2118,351.4
Uecc|Chr8-23502948-23503914,Chr8,23502948,23503914,967,6,4393,5,5169,981.2
Uecc|Chr8-23510900-23511195,Chr8,23510900,23511195,296,3,4692,3,4692,942.0
Uecc|Chr8-23906235-23906751,Chr8,23906235,23906751,517,2,4459,2,4459,894.2
Uecc|Chr8-24152224-24154377,Chr8,24152224,24154377,2154,21,2186,8,3877,1301.7
Uecc|Chr8-25955898-25961094,Chr8,25955898,25961094,5197,94,3438,62,4532,4299.0
Uecc|Chr8-26773029-26773708,Chr8,26773029,26773708,680,3,4298,3,4298,863.2
Uecc|Chr8-27102546-27103975,Chr8,27102546,27103975,1430,4,4648,4,4648,943.2
Uecc|Chr8-27111235-27112686,Chr8,27111235,27112686,1452,9,4916,9,4916,1048.4
Uecc|Chr8-28183794-28184941,Chr8,28183794,28184941,1148,6,4778,6,4778,992.4
Uecc|Chr8-28241073-28242731,Chr8,28241073,28242731,1659,33,4073,30,4422,1340.9
Uecc|Chr8-28352369-28354709,Chr8,28352369,28354709,2341,39,1735,15,3117,1059.6
Uecc|Chr9-3514-5024,Chr9,3514,5024,1511,9,5279,8,5896,1156.9
Uecc|Chr9-11687-17212,Chr9,11687,17212,5526,39,5228,29,6303,2592.3
Uecc|Chr9-20113-27851,Chr9,20113,27851,7739,18,5373,18,5373,1216.2
Uecc|Chr9-28500-30312,Chr9,28500,30312,1813,7,3986,7,3986,835.6
Uecc|Chr9-30395-40580,Chr9,30395,40580,10186,13,4453,13,4453,941.4
Uecc|Chr9-41093-50847,Chr9,41093,50847,9755,19,4703,17,5172,1151.1
Uecc|Chr9-51601-59033,Chr9,51601,59033,7433,14,5289,14,5289,1172.2
Uecc|Chr9-59930-60486,Chr9,59930,60486,557,2,4032,2,4032,808.8
Uecc|Chr9-60907-66489,Chr9,60907,66489,5583,8,5518,8,5518,1132.4
Uecc|Chr9-67245-91284,Chr9,67245,91284,24040,45,4958,45,4958,1271.2
Uecc|Chr9-91465-107525,Chr9,91465,107525,16061,28,4696,27,4792,1158.2
Uecc|Chr9-107783-112445,Chr9,107783,112445,4663,9,4358,9,4358,898.4
Uecc|Chr9-119004-128301,Chr9,119004,128301,9298,16,5603,16,5603,1241.0
Uecc|Chr9-131105-142362,Chr9,131105,142362,11258,13,5399,13,5399,1145.0
Uecc|Chr9-142582-154025,Chr9,142582,154025,11444,12,4542,11,4734,981.8
Uecc|Chr9-154889-160013,Chr9,154889,160013,5125,12,4607,12,4607,979.8
Uecc|Chr9-162817-166236,Chr9,162817,166236,3420,10,4542,10,4542,932.4
Uecc|Chr9-167451-175242,Chr9,167451,175242,7792,14,4771,14,4771,1019.4
Uecc|Chr9-175379-177397,Chr9,175379,177397,2019,3,5597,3,5597,1123.0
Uecc|Chr9-178673-191425,Chr9,178673,191425,12753,29,4465,28,4583,1110.2
Uecc|Chr9-194529-209794,Chr9,194529,209794,15266,25,5138,23,5486,1234.8
Uecc|Chr9-210385-217612,Chr9,210385,217612,7228,21,4627,20,4729,1074.2
Uecc|Chr9-219808-225148,Chr9,219808,225148,5341,8,5367,8,5367,1109.4
Uecc|Chr9-226241-234373,Chr9,226241,234373,8133,13,5541,13,5541,1172.6
Uecc|Chr9-235085-240999,Chr9,235085,240999,5915,8,4939,8,4939,1010.6
Uecc|Chr9-242097-264783,Chr9,242097,264783,22687,47,5011,47,5011,1284.2
Uecc|Chr9-265881-280286,Chr9,265881,280286,14406,30,5172,30,5172,1258.0
Uecc|Chr9-281737-292673,Chr9,281737,292673,10937,29,5303,29,5303,1193.8
Uecc|Chr9-293751-313355,Chr9,293751,313355,19605,35,5029,35,5029,1263.0
Uecc|Chr9-313794-318118,Chr9,313794,318118,4325,11,4540,11,4540,950.8
Uecc|Chr9-318622-326785,Chr9,318622,326785,8164,15,5252,15,5252,1122.4
Uecc|Chr9-329305-332601,Chr9,329305,332601,3297,12,5133,12,5133,1156.6
Uecc|Chr9-333240-342357,Chr9,333240,342357,9118,12,4683,12,4683,978.6
Uecc|Chr9-345161-348032,Chr9,345161,348032,2872,8,4934,8,4934,1046.0
Uecc|Chr9-348186-351996,Chr9,348186,351996,3811,7,5434,7,5434,1122.4
Uecc|Chr9-353089-361221,Chr9,353089,361221,8133,14,5305,14,5305,1128.2
Uecc|Chr9-361288-375780,Chr9,361288,375780,14493,26,5360,26,5360,1368.0
Uecc|Chr9-376873-389925,Chr9,376873,389925,13053,32,4678,32,4678,1252.8
Uecc|Chr9-392729-397853,Chr9,392729,397853,5125,14,4361,13,4605,947.2
Uecc|Chr9-400657-408491,Chr9,400657,408491,7835,13,4468,13,4468,946.4
Uecc|Chr9-408585-413709,Chr9,408585,413709,5125,13,5088,12,5417,1122.7
Uecc|Chr9-416513-423348,Chr9,416513,423348,6836,17,4928,17,4928,1085.6
Uecc|Chr9-424441-437493,Chr9,424441,437493,13053,21,4832,21,4832,1072.0
Uecc|Chr9-440297-448392,Chr9,440297,448392,8096,12,5235,12,5235,1085.0
Uecc|Chr9-448477-452260,Chr9,448477,452260,3784,3,5135,3,5135,1031.8
Uecc|Chr9-452769-459041,Chr9,452769,459041,6273,11,5614,11,5614,1163.6
Uecc|Chr9-459892-461277,Chr9,459892,461277,1386,2,5622,2,5622,1134.8
Uecc|Chr9-464081-476620,Chr9,464081,476620,12540,20,4812,18,5290,1107.4
Uecc|Chr9-479937-494700,Chr9,479937,494700,14764,30,5000,30,5000,1239.6
Uecc|Chr9-495793-503001,Chr9,495793,503001,7209,9,4688,8,5191,1015.7
Uecc|Chr9-503721-508845,Chr9,503721,508845,5125,15,4877,15,4877,1043.0
Uecc|Chr9-511649-524188,Chr9,511649,524188,12540,28,4522,27,4675,1050.7
Uecc|Chr9-527505-534713,Chr9,527505,534713,7209,18,5459,17,5751,1282.4
Uecc|Chr9-535433-545766,Chr9,535433,545766,10334,21,4615,20,4781,1087.4
Uecc|Chr9-546393-588125,Chr9,546393,588125,41733,86,4795,84,4897,1494.8
Uecc|Chr9-588239-598137,Chr9,588239,598137,9899,16,4549,16,4549,953.8
Uecc|Chr9-598857-606065,Chr9,598857,606065,7209,18,4839,18,4839,1057.4
Uecc|Chr9-606785-609056,Chr9,606785,609056,2272,7,4311,7,4311,885.0
Uecc|Chr9-610112-628599,Chr9,610112,628599,18488,30,4979,30,4979,1174.6
Uecc|Chr9-630569-635693,Chr9,630569,635693,5125,10,4752,10,4752,988.0
Uecc|Chr9-638963-661303,Chr9,638963,661303,22341,36,4855,35,4943,1140.8
Uecc|Chr9-662284-669489,Chr9,662284,669489,7206,13,5399,13,5399,1139.0
Uecc|Chr9-670209-675448,Chr9,670209,675448,5240,14,4469,13,4766,1010.1
Uecc|Chr9-678137-685884,Chr9,678137,685884,7748,19,4878,19,4878,1111.6
Uecc|Chr9-686065-688336,Chr9,686065,688336,2272,4,5566,4,5566,1121.6
Uecc|Chr9-689068-692801,Chr9,689068,692801,3734,4,6052,4,6052,1225.6
Uecc|Chr9-693993-699401,Chr9,693993,699401,5409,7,5287,7,5287,1075.0
Uecc|Chr9-701921-716913,Chr9,701921,716913,14993,28,4591,27,4735,1062.4
Uecc|Chr9-717777-720048,Chr9,717777,720048,2272,8,4796,8,4796,1020.4
Uecc|Chr9-720970-730374,Chr9,720970,730374,9405,11,5124,11,5124,1060.0
Uecc|Chr9-730641-738757,Chr9,730641,738757,8117,14,5098,14,5098,1108.8
Uecc|Chr9-741738-746340,Chr9,741738,746340,4603,11,4720,11,4720,983.2
Uecc|Chr9-746464-748769,Chr9,746464,748769,2306,3,4851,3,4851,976.6
Uecc|Chr9-749489-750216,Chr9,749489,750216,728,2,3591,2,3591,720.2
Uecc|Chr9-750645-760836,Chr9,750645,760836,10192,18,4370,17,4575,980.7
Uecc|Chr9-761262-776008,Chr9,761262,776008,14747,28,4566,26,4842,1106.0
Uecc|Chr9-777208-796327,Chr9,777208,796327,19120,30,4744,30,4744,1168.0
Uecc|Chr9-797057-804284,Chr9,797057,804284,7228,14,4518,14,4518,973.2
Uecc|Chr9-805980-809654,Chr9,805980,809654,3675,7,4568,7,4568,925.6
Uecc|Chr9-812913-815219,Chr9,812913,815219,2307,6,4342,6,4342,924.8
Uecc|Chr9-820841-821557,Chr9,820841,821557,717,2,3802,2,3802,762.8
Uecc|Chr9-822037-825965,Chr9,822037,825965,3929,7,5070,7,5070,1028.4
Uecc|Chr9-828769-839568,Chr9,828769,839568,10800,22,5140,22,5140,1197.2
Uecc|Chr9-840347-851833,Chr9,840347,851833,11487,17,4884,17,4884,1047.6
Uecc|Chr9-852553-860232,Chr9,852553,860232,7680,20,4829,20,4829,1092.6
Uecc|Chr9-860481-876524,Chr9,860481,876524,16044,33,4819,32,4948,1125.7
Uecc|Chr9-878359-895898,Chr9,878359,895898,17540,35,4729,33,4959,1154.8
Uecc|Chr9-896472-899401,Chr9,896472,899401,2930,4,4579,4,4579,921.4
Uecc|Chr9-900121-913173,Chr9,900121,913173,13053,26,5141,25,5258,1220.9
Uecc|Chr9-916356-918873,Chr9,916356,918873,2518,3,5053,3,5053,1030.6
Uecc|Chr9-920521-922812,Chr9,920521,922812,2292,3,4252,3,4252,858.4
Uecc|Chr9-923905-936502,Chr9,923905,936502,12598,30,4933,29,5027,1153.4
Uecc|Chr9-936559-946596,Chr9,936559,946596,10038,12,5103,12,5103,1045.4
Uecc|Chr9-947689-960286,Chr9,947689,960286,12598,26,5036,26,5036,1156.0
Uecc|Chr9-963545-968669,Chr9,963545,968669,5125,15,5005,15,5005,1081.8
Uecc|Chr9-971473-986394,Chr9,971473,986394,14922,35,4943,34,5068,1195.3
Uecc|Chr9-987329-1002465,Chr9,987329,1002465,15137,25,4862,25,4862,1094.0
Uecc|Chr9-1003185-1005456,Chr9,1003185,1005456,2272,7,4772,7,4772,978.4
Uecc|Chr9-1006378-1010120,Chr9,1006378,1010120,3743,2,5842,2,5842,1172.8
Uecc|Chr9-1011113-1029240,Chr9,1011113,1029240,18128,41,4615,40,4718,1130.7
Uecc|Chr9-1029997-1032093,Chr9,1029997,1032093,2097,2,5758,2,5758,1154.0
Uecc|Chr9-1034897-1050957,Chr9,1034897,1050957,16061,21,4801,21,4801,1035.8
Uecc|Chr9-1054459-1058090,Chr9,1054459,1058090,3632,4,8479,4,8479,1703.8
Uecc|Chr9-1058681-1073817,Chr9,1058681,1073817,15137,31,4709,31,4709,1155.0
Uecc|Chr9-1074882-1082216,Chr9,1074882,1082216,7335,13,4749,13,4749,992.6
Uecc|Chr9-1082465-1087589,Chr9,1082465,1087589,5125,9,7234,8,8113,1567.3
Uecc|Chr9-1087796-1113457,Chr9,1087796,1113457,25662,37,5062,37,5062,1149.2
Uecc|Chr9-1114177-1127229,Chr9,1114177,1127229,13053,33,4714,33,4714,1167.2
Uecc|Chr9-1130033-1136388,Chr9,1130033,1136388,6356,16,4279,15,4447,1058.0
Uecc|Chr9-1137525-1145169,Chr9,1137525,1145169,7645,11,5123,11,5123,1059.4
Uecc|Chr9-1145889-1148851,Chr9,1145889,1148851,2963,7,4431,7,4431,915.8
Uecc|Chr9-1149824-1154594,Chr9,1149824,1154594,4771,9,4395,8,4838,967.9
Uecc|Chr9-1155839-1168953,Chr9,1155839,1168953,13115,19,5156,19,5156,1210.4
Uecc|Chr9-1170859-1174284,Chr9,1170859,1174284,3426,6,4357,6,4357,889.4
Uecc|Chr9-1177757-1192737,Chr9,1177757,1192737,14981,32,5445,32,5445,1355.8
Uecc|Chr9-1193457-1200859,Chr9,1193457,1200859,7403,16,4770,16,4770,1002.4
Uecc|Chr9-1201385-1208675,Chr9,1201385,1208675,7291,10,4209,10,4209,880.2
Uecc|Chr9-1209313-1211619,Chr9,1209313,1211619,2307,6,4468,6,4468,935.2
Uecc|Chr9-1214470-1222365,Chr9,1214470,1222365,7896,20,5239,20,5239,1178.2
Uecc|Chr9-1225169-1233023,Chr9,1225169,1233023,7855,14,4593,14,4593,955.8
Uecc|Chr9-1233097-1246392,Chr9,1233097,1246392,13296,26,5353,26,5353,1267.4
Uecc|Chr9-1246901-1248233,Chr9,1246901,1248233,1333,2,5732,2,5732,1150.0
Uecc|Chr9-1248953-1259764,Chr9,1248953,1259764,10812,18,5071,18,5071,1131.0
Uecc|Chr9-1259887-1262005,Chr9,1259887,1262005,2119,3,6134,3,6134,1237.6
Uecc|Chr9-1264809-1296004,Chr9,1264809,1296004,31196,56,5032,55,5028,1371.8
Uecc|Chr9-1296521-1319585,Chr9,1296521,1319585,23065,47,4865,46,4947,1255.8
Uecc|Chr9-1320305-1342996,Chr9,1320305,1342996,22692,50,4909,50,4909,1214.2
Uecc|Chr9-1344089-1351297,Chr9,1344089,1351297,7209,15,4871,15,4871,1055.8
Uecc|Chr9-1352017-1356628,Chr9,1352017,1356628,4612,8,4528,8,4528,924.4
Uecc|Chr9-1359945-1365069,Chr9,1359945,1365069,5125,11,5232,11,5232,1085.2
Uecc|Chr9-1365348-1366780,Chr9,1365348,1366780,1433,3,4569,3,4569,918.6
Uecc|Chr9-1367873-1375281,Chr9,1367873,1375281,7409,14,5254,14,5254,1169.2
Uecc|Chr9-1375801-1396781,Chr9,1375801,1396781,20981,39,5765,39,5765,1429.8
Uecc|Chr9-1399585-1412182,Chr9,1399585,1412182,12598,24,4669,24,4669,1020.6
Uecc|Chr9-1412669-1420565,Chr9,1412669,1420565,7897,16,5261,16,5261,1179.8
Uecc|Chr9-1423369-1438505,Chr9,1423369,1438505,15137,26,4782,26,4782,1082.0
Uecc|Chr9-1439639-1442298,Chr9,1439639,1442298,2660,5,5138,5,5138,1035.2
Uecc|Chr9-1447153-1454146,Chr9,1447153,1454146,6994,11,5083,11,5083,1078.2
Uecc|Chr9-1455081-1483989,Chr9,1455081,1483989,28909,59,4848,54,5205,1377.5
Uecc|Chr9-1486793-1501919,Chr9,1486793,1501919,15127,30,5061,28,5375,1286.8
Uecc|Chr9-1502649-1510781,Chr9,1502649,1510781,8133,15,4519,15,4519,948.2
Uecc|Chr9-1510993-1517412,Chr9,1510993,1517412,6420,14,5232,14,5232,1096.4
Uecc|Chr9-1517800-1525340,Chr9,1517800,1525340,7541,12,4215,12,4215,873.0
Uecc|Chr9-1527303-1533175,Chr9,1527303,1533175,5873,12,5176,12,5176,1080.4
Uecc|Chr9-1534361-1547413,Chr9,1534361,1547413,13053,19,4902,18,5146,1093.4
Uecc|Chr9-1550217-1558051,Chr9,1550217,1558051,7835,17,4519,16,4766,1016.7
Uecc|Chr9-1558145-1564980,Chr9,1558145,1564980,6836,14,5070,14,5070,1066.8
Uecc|Chr9-1566073-1573410,Chr9,1566073,1573410,7338,12,4848,12,4848,1048.8
Uecc|Chr9-1574001-1597518,Chr9,1574001,1597518,23518,47,4922,47,4922,1292.0
Uecc|Chr9-1597785-1604620,Chr9,1597785,1604620,6836,15,4391,14,4643,1011.2
Uecc|Chr9-1605277-1612706,Chr9,1605277,1612706,7430,14,4170,13,4449,920.1
Uecc|Chr9-1613641-1615947,Chr9,1613641,1615947,2307,5,4336,5,4336,875.6
Uecc|Chr9-1617373-1621493,Chr9,1617373,1621493,4121,4,5725,4,5725,1155.0
Uecc|Chr9-1621569-1626238,Chr9,1621569,1626238,4670,8,4943,8,4943,1027.8
Uecc|Chr9-1629497-1637629,Chr9,1629497,1637629,8133,14,4719,14,4719,1002.6
Uecc|Chr9-1637884-1646194,Chr9,1637884,1646194,8311,17,4349,16,4572,955.1
Uecc|Chr9-1646488-1655587,Chr9,1646488,1655587,9100,16,4474,15,4749,992.1
Uecc|Chr9-1662365-1668016,Chr9,1662365,1668016,5652,11,4596,11,4596,957.6
Uecc|Chr9-1669137-1671408,Chr9,1669137,1671408,2272,3,6168,3,6168,1238.8
Uecc|Chr9-1673072-1692201,Chr9,1673072,1692201,19130,30,4772,30,4772,1169.2
Uecc|Chr9-1692921-1703650,Chr9,1692921,1703650,10730,19,4896,19,4896,1057.6
Uecc|Chr9-1704784-1720580,Chr9,1704784,1720580,15797,35,4903,35,4903,1133.4
Uecc|Chr9-1721249-1731468,Chr9,1721249,1731468,10220,18,4815,18,4815,1060.6
Uecc|Chr9-1733797-1754663,Chr9,1733797,1754663,20867,40,5007,40,5007,1369.4
Uecc|Chr9-1756345-1769029,Chr9,1756345,1769029,12685,29,4841,29,4841,1237.4
Uecc|Chr9-1772201-1778543,Chr9,1772201,1778543,6343,15,4615,15,4615,981.0
Uecc|Chr9-1780129-1782400,Chr9,1780129,1782400,2272,4,5507,4,5507,1111.0
Uecc|Chr9-1783157-1794887,Chr9,1783157,1794887,11731,22,4066,22,4066,895.6
Uecc|Chr9-1795985-1803193,Chr9,1795985,1803193,7209,12,4840,12,4840,998.8
Uecc|Chr9-1803913-1806184,Chr9,1803913,1806184,2272,6,5032,6,5032,1026.8
Uecc|Chr9-1807224-1818255,Chr9,1807224,1818255,11032,20,5967,20,5967,1293.0
Uecc|Chr9-1819769-1823030,Chr9,1819769,1823030,3262,12,4586,12,4586,1051.6
Uecc|Chr9-1823597-1829968,Chr9,1823597,1829968,6372,10,4979,10,4979,1014.6
Uecc|Chr9-1830868-1843757,Chr9,1830868,1843757,12890,30,5198,30,5198,1230.8
Uecc|Chr9-1843824-1850388,Chr9,1843824,1850388,6565,13,4169,13,4169,878.2
Uecc|Chr9-1851481-1860202,Chr9,1851481,1860202,8722,15,4089,14,4366,910.5
Uecc|Chr9-1862606-1883397,Chr9,1862606,1883397,20792,36,4705,36,4705,1121.4
Uecc|Chr9-1884008-1896245,Chr9,1884008,1896245,12238,31,5334,31,5334,1250.4
Uecc|Chr9-1896378-1906133,Chr9,1896378,1906133,9756,14,4795,14,4795,1004.2
Uecc|Chr9-1906977-1913812,Chr9,1906977,1913812,6836,13,5129,13,5129,1056.6
Uecc|Chr9-1914905-1921509,Chr9,1914905,1921509,6605,13,4761,13,4761,1009.4
Uecc|Chr9-1923178-1929366,Chr9,1923178,1929366,6189,12,5220,12,5220,1198.8
Uecc|Chr9-1930761-1951342,Chr9,1930761,1951342,20582,47,4864,47,4864,1299.6
Uecc|Chr9-1951678-1953452,Chr9,1951678,1953452,1775,2,5052,2,5052,1012.4
Uecc|Chr9-1954545-1972713,Chr9,1954545,1972713,18169,42,5606,41,5733,1372.1
Uecc|Chr9-1974104-1976743,Chr9,1974104,1976743,2640,4,4720,4,4720,950.4
Uecc|Chr9-1978329-1982998,Chr9,1978329,1982998,4670,13,5728,13,5728,1438.0
Uecc|Chr9-1983940-1991381,Chr9,1983940,1991381,7442,16,5391,16,5391,1179.8
Uecc|Chr9-1992053-2008896,Chr9,1992053,2008896,16844,33,5208,33,5208,1240.4
Uecc|Chr9-2010041-2017879,Chr9,2010041,2017879,7839,15,4685,14,4982,1020.5
Uecc|Chr9-2018146-2020275,Chr9,2018146,2020275,2130,8,4207,8,4207,925.8
Uecc|Chr9-2025897-2028168,Chr9,2025897,2028168,2272,8,4693,8,4693,1028.2
Uecc|Chr9-2030441-2032665,Chr9,2030441,2032665,2225,2,4507,2,4507,903.4
Uecc|Chr9-2033825-2048961,Chr9,2033825,2048961,15137,28,4945,28,4945,1083.0
Uecc|Chr9-2049681-2054857,Chr9,2049681,2054857,5177,11,5335,11,5335,1100.6
Uecc|Chr9-2057609-2080287,Chr9,2057609,2080287,22679,39,4848,38,4948,1123.8
Uecc|Chr9-2081393-2087181,Chr9,2081393,2087181,5789,13,4778,13,4778,1046.8
Uecc|Chr9-2089321-2091592,Chr9,2089321,2091592,2272,4,5276,4,5276,1062.0
Uecc|Chr9-2091721-2116983,Chr9,2091721,2116983,25263,34,5322,34,5322,1237.6
Uecc|Chr9-2117739-2134085,Chr9,2117739,2134085,16347,26,4803,24,5166,1092.5
Uecc|Chr9-2136889-2149798,Chr9,2136889,2149798,12910,26,4845,26,4845,1145.4
Uecc|Chr9-2151885-2157324,Chr9,2151885,2157324,5440,9,4625,9,4625,958.6
Uecc|Chr9-2160673-2167536,Chr9,2160673,2167536,6864,22,5032,22,5032,1216.8
Uecc|Chr9-2168601-2172877,Chr9,2168601,2172877,4277,8,5842,8,5842,1250.0
Uecc|Chr9-2173214-2183737,Chr9,2173214,2183737,10524,17,4741,17,4741,1015.8
Uecc|Chr9-2184457-2188517,Chr9,2184457,2188517,4061,9,4771,9,4771,1024.2
Uecc|Chr9-2189091-2215449,Chr9,2189091,2215449,26359,37,4871,36,5001,1102.2
Uecc|Chr9-2216169-2223004,Chr9,2216169,2223004,6836,14,4729,13,4951,1043.8
Uecc|Chr9-2224097-2231305,Chr9,2224097,2231305,7209,16,4622,16,4622,1023.2
Uecc|Chr9-2232025-2239089,Chr9,2232025,2239089,7065,23,4534,23,4534,1067.6
Uecc|Chr9-2239953-2270945,Chr9,2239953,2270945,30993,48,5711,48,5711,1451.8
Uecc|Chr9-2271950-2292246,Chr9,2271950,2292246,20297,35,4788,34,4876,1137.4
Uecc|Chr9-2293729-2315974,Chr9,2293729,2315974,22246,52,5496,51,5597,1571.9
Uecc|Chr9-2319650-2325766,Chr9,2319650,2325766,6117,17,4443,16,4650,974.7
Uecc|Chr9-2327161-2329467,Chr9,2327161,2329467,2307,7,7743,6,8943,1702.0
Uecc|Chr9-2330088-2334060,Chr9,2330088,2334060,3973,6,4759,6,4759,973.8
Uecc|Chr9-2335089-2358153,Chr9,2335089,2358153,23065,49,4942,49,4942,1384.8
Uecc|Chr9-2358873-2361858,Chr9,2358873,2361858,2986,2,4522,2,4522,907.2
Uecc|Chr9-2362547-2372589,Chr9,2362547,2372589,10043,12,4262,12,4262,877.6
Uecc|Chr9-2373009-2405066,Chr9,2373009,2405066,32058,56,4944,53,5143,1385.7
Uecc|Chr9-2406441-2421777,Chr9,2406441,2421777,15337,33,4998,33,4998,1169.6
Uecc|Chr9-2422297-2426002,Chr9,2422297,2426002,3706,4,5053,4,5053,1036.2
Uecc|Chr9-2426232-2429505,Chr9,2426232,2429505,3274,4,4825,4,4825,972.6
Uecc|Chr9-2430456-2437060,Chr9,2430456,2437060,6605,13,4657,13,4657,998.6
Uecc|Chr9-2442697-2444508,Chr9,2442697,2444508,1812,2,4980,2,4980,998.4
Uecc|Chr9-2446081-2448792,Chr9,2446081,2448792,2712,6,4852,6,4852,995.2
Uecc|Chr9-2448983-2454213,Chr9,2448983,2454213,5231,5,4993,5,4993,1007.8
Uecc|Chr9-2454442-2461843,Chr9,2454442,2461843,7402,7,4799,7,4799,978.2
Uecc|Chr9-2461937-2468772,Chr9,2461937,2468772,6836,16,4762,15,4935,1125.1
Uecc|Chr9-2469865-2482404,Chr9,2469865,2482404,12540,26,4731,24,5079,1177.4
Uecc|Chr9-2482723-2498260,Chr9,2482723,2498260,15538,28,5520,28,5520,1298.8
Uecc|Chr9-2501141-2503037,Chr9,2501141,2503037,1897,4,4180,4,4180,854.4
Uecc|Chr9-2503090-2521671,Chr9,2503090,2521671,18582,33,4475,32,4593,1155.4
Uecc|Chr9-2521977-2532697,Chr9,2521977,2532697,10721,17,4722,15,5131,1035.3
Uecc|Chr9-2533289-2538413,Chr9,2533289,2538413,5125,12,4990,12,4990,1043.2
Uecc|Chr9-2538556-2554269,Chr9,2538556,2554269,15714,25,4150,23,4440,961.0
Uecc|Chr9-2557073-2563908,Chr9,2557073,2563908,6836,13,4107,11,4616,961.1
Uecc|Chr9-2564587-2570993,Chr9,2564587,2570993,6407,14,4478,14,4478,994.8
Uecc|Chr9-2572929-2578053,Chr9,2572929,2578053,5125,8,4433,8,4433,921.0
Uecc|Chr9-2580857-2595993,Chr9,2580857,2595993,15137,26,4867,26,4867,1079.4
Uecc|Chr9-2596713-2604567,Chr9,2596713,2604567,7855,12,4821,11,5070,1050.5
Uecc|Chr9-2604641-2617693,Chr9,2604641,2617693,13053,29,5070,29,5070,1122.4
Uecc|Chr9-2620497-2636277,Chr9,2620497,2636277,15781,22,4594,21,4753,997.7
Uecc|Chr9-2636353-2655628,Chr9,2636353,2655628,19276,43,4604,41,4740,1143.6
Uecc|Chr9-2656843-2667345,Chr9,2656843,2667345,10503,12,5121,12,5121,1060.2
Uecc|Chr9-2668065-2673189,Chr9,2668065,2673189,5125,10,4699,10,4699,967.4
Uecc|Chr9-2675993-2683201,Chr9,2675993,2683201,7209,18,4097,17,4250,968.1
Uecc|Chr9-2683921-2697257,Chr9,2683921,2697257,13337,26,4908,26,4908,1103.6
Uecc|Chr9-2699363-2715384,Chr9,2699363,2715384,16022,32,4916,32,4916,1197.6
Uecc|Chr9-2715810-2719065,Chr9,2715810,2719065,3256,3,5055,3,5055,1015.8
Uecc|Chr9-2720267-2723765,Chr9,2720267,2723765,3499,2,5960,2,5960,1194.4
Uecc|Chr9-2724019-2744541,Chr9,2724019,2744541,20523,34,4725,34,4725,1093.4
Uecc|Chr9-2745213-2771845,Chr9,2745213,2771845,26633,50,4671,48,4825,1244.0
Uecc|Chr9-2772325-2777865,Chr9,2772325,2777865,5541,9,6008,9,6008,1254.4
Uecc|Chr9-2779057-2797921,Chr9,2779057,2797921,18865,38,4740,38,4740,1221.6
Uecc|Chr9-2799457-2803511,Chr9,2799457,2803511,4055,8,4984,8,4984,1044.4
Uecc|Chr9-2805014-2810049,Chr9,2805014,2810049,5036,8,5773,8,5773,1239.0
Uecc|Chr9-2811184-2815438,Chr9,2811184,2815438,4255,9,4325,8,4763,965.4
Uecc|Chr9-2815861-2821065,Chr9,2815861,2821065,5205,12,4482,12,4482,957.2
Uecc|Chr9-2821725-2823821,Chr9,2821725,2823821,2097,2,5288,2,5288,1059.6
Uecc|Chr9-2826625-2830044,Chr9,2826625,2830044,3420,4,4885,4,4885,1001.0
Uecc|Chr9-2830560-2841388,Chr9,2830560,2841388,10829,24,4965,24,4965,1177.8
Uecc|Chr9-2842481-2865012,Chr9,2842481,2865012,22532,52,4885,51,4970,1279.3
Uecc|Chr9-2866265-2876464,Chr9,2866265,2876464,10200,26,5118,26,5118,1164.8
Uecc|Chr9-2876994-2886732,Chr9,2876994,2886732,9739,16,4607,15,4857,998.2
Uecc|Chr9-2890049-2908176,Chr9,2890049,2908176,18128,33,4624,31,4765,1095.3
Uecc|Chr9-2908383-2910574,Chr9,2908383,2910574,2192,3,4854,3,4854,980.8
Uecc|Chr9-2913833-2921041,Chr9,2913833,2921041,7209,14,4597,14,4597,966.2
Uecc|Chr9-2921761-2925999,Chr9,2921761,2925999,4239,10,5023,10,5023,1074.2
Uecc|Chr9-2926395-2934300,Chr9,2926395,2934300,7906,11,5046,11,5046,1031.2
Uecc|Chr9-2934846-2936524,Chr9,2934846,2936524,1679,2,5004,2,5004,1006.4
Uecc|Chr9-2937617-2940500,Chr9,2937617,2940500,2884,5,4794,5,4794,970.0
Uecc|Chr9-2940973-2942228,Chr9,2940973,2942228,1256,2,3626,2,3626,727.2
Uecc|Chr9-2945962-2969239,Chr9,2945962,2969239,23278,49,5202,49,5202,1298.8
Uecc|Chr9-2969329-2995384,Chr9,2969329,2995384,26056,54,4853,54,4853,1374.6
Uecc|Chr9-2995531-3014093,Chr9,2995531,3014093,18563,30,5516,28,5816,1221.2
Uecc|Chr9-3016019-3024234,Chr9,3016019,3024234,8216,13,5460,13,5460,1156.4
Uecc|Chr9-3024825-3045805,Chr9,3024825,3045805,20981,40,4924,39,5036,1307.8
Uecc|Chr9-3048609-3058808,Chr9,3048609,3058808,10200,28,4961,27,5132,1359.9
Uecc|Chr9-3059730-3062771,Chr9,3059730,3062771,3042,3,6332,3,6332,1272.8
Uecc|Chr9-3064465-3071149,Chr9,3064465,3071149,6685,14,5438,14,5438,1212.8
Uecc|Chr9-3072393-3075812,Chr9,3072393,3075812,3420,10,5058,10,5058,1059.6
Uecc|Chr9-3076069-3081517,Chr9,3076069,3081517,5449,9,5384,9,5384,1110.4
Uecc|Chr9-3081736-3090555,Chr9,3081736,3090555,8820,18,4755,17,4998,1067.1
Uecc|Chr9-3092184-3099073,Chr9,3092184,3099073,6890,11,4940,11,4940,1101.6
Uecc|Chr9-3099212-3102730,Chr9,3099212,3102730,3519,4,4732,4,4732,952.8
Uecc|Chr9-3104105-3134724,Chr9,3104105,3134724,30620,59,5034,59,5034,1369.6
Uecc|Chr9-3135817-3151153,Chr9,3135817,3151153,15337,23,5220,23,5220,1181.6
Uecc|Chr9-3151673-3172653,Chr9,3151673,3172653,20981,46,4437,41,4897,1175.6
Uecc|Chr9-3175457-3177728,Chr9,3175457,3177728,2272,5,4407,5,4407,891.0
Uecc|Chr9-3179392-3190469,Chr9,3179392,3190469,11078,22,5083,22,5083,1088.6
Uecc|Chr9-3191313-3193584,Chr9,3191313,3193584,2272,7,4121,7,4121,877.0
Uecc|Chr9-3193848-3199167,Chr9,3193848,3199167,5320,4,5012,4,5012,1011.2
Uecc|Chr9-3200905-3213287,Chr9,3200905,3213287,12383,24,4882,24,4882,1151.2
Uecc|Chr9-3215097-3217502,Chr9,3215097,3217502,2406,4,4028,4,4028,811.6
Uecc|Chr9-3219536-3230233,Chr9,3219536,3230233,10698,19,4429,19,4429,995.8
Uecc|Chr9-3230953-3236077,Chr9,3230953,3236077,5125,13,5018,13,5018,1080.0
Uecc|Chr9-3238881-3254017,Chr9,3238881,3254017,15137,30,5261,29,5417,1236.0
Uecc|Chr9-3254737-3261945,Chr9,3254737,3261945,7209,14,4578,13,4842,1061.4
Uecc|Chr9-3262665-3270468,Chr9,3262665,3270468,7804,15,4841,15,4841,1073.4
Uecc|Chr9-3270593-3278725,Chr9,3270593,3278725,8133,12,4117,10,4738,972.7
Uecc|Chr9-3278938-3282328,Chr9,3278938,3282328,3391,9,4593,9,4593,954.2
Uecc|Chr9-3286449-3294581,Chr9,3286449,3294581,8133,10,4879,10,4879,1022.6
Uecc|Chr9-3296180-3312504,Chr9,3296180,3312504,16325,27,5122,26,5295,1146.7
Uecc|Chr9-3313207-3316807,Chr9,3313207,3316807,3601,3,5666,3,5666,1145.6
Uecc|Chr9-3316867-3324996,Chr9,3316867,3324996,8130,9,4880,8,5152,1035.4
Uecc|Chr9-3326089-3338628,Chr9,3326089,3338628,12540,19,4551,19,4551,980.2
Uecc|Chr9-3342132-3361220,Chr9,3342132,3361220,19089,36,5438,35,5443,1277.9
Uecc|Chr9-3362127-3368000,Chr9,3362127,3368000,5874,4,4966,4,4966,998.0
Uecc|Chr9-3369651-3376062,Chr9,3369651,3376062,6412,13,4872,13,4872,1009.6
Uecc|Chr9-3376220-3380865,Chr9,3376220,3380865,4646,7,5002,7,5002,1018.8
Uecc|Chr9-3381585-3383953,Chr9,3381585,3383953,2369,8,3969,7,4447,878.2
Uecc|Chr9-3384487-3404649,Chr9,3384487,3404649,20163,28,4876,27,4995,1118.1
Uecc|Chr9-3405369-3412204,Chr9,3405369,3412204,6836,10,4608,9,4754,964.0
Uecc|Chr9-3413297-3425836,Chr9,3413297,3425836,12540,25,4810,25,4810,1102.0
Uecc|Chr9-3429153-3434277,Chr9,3429153,3434277,5125,14,4756,14,4756,1093.2
Uecc|Chr9-3437081-3447416,Chr9,3437081,3447416,10336,25,4540,24,4716,1032.6
Uecc|Chr9-3447911-3468073,Chr9,3447911,3468073,20163,43,4860,43,4860,1310.4
Uecc|Chr9-3468793-3476001,Chr9,3468793,3476001,7209,22,5338,22,5338,1411.2
Uecc|Chr9-3476721-3486920,Chr9,3476721,3486920,10200,13,4744,12,5069,1021.1
Uecc|Chr9-3488336-3500380,Chr9,3488336,3500380,12045,23,5071,23,5071,1163.0
Uecc|Chr9-3500938-3509267,Chr9,3500938,3509267,8330,15,4430,14,4630,971.0
Uecc|Chr9-3510269-3511351,Chr9,3510269,3511351,1083,4,4992,4,4992,1013.6
Uecc|Chr9-3512261-3531229,Chr9,3512261,3531229,18969,39,4505,37,4638,1178.3
Uecc|Chr9-3533690-3546105,Chr9,3533690,3546105,12416,17,4931,17,4931,1054.6
Uecc|Chr9-3548073-3563833,Chr9,3548073,3563833,15761,23,4965,23,4965,1131.0
Uecc|Chr9-3563929-3576386,Chr9,3563929,3576386,12458,27,4388,26,4533,1105.5
Uecc|Chr9-3576491-3587532,Chr9,3576491,3587532,11042,20,5369,20,5369,1170.2
Uecc|Chr9-3587713-3593959,Chr9,3587713,3593959,6247,16,5172,16,5172,1096.8
Uecc|Chr9-3595227-3600765,Chr9,3595227,3600765,5539,15,4744,15,4744,1078.0
Uecc|Chr9-3603569-3626633,Chr9,3603569,3626633,23065,41,4465,39,4661,1174.2
Uecc|Chr9-3627353-3631629,Chr9,3627353,3631629,4277,8,5092,8,5092,1048.4
Uecc|Chr9-3631897-3636008,Chr9,3631897,3636008,4112,5,4739,5,4739,967.8
Uecc|Chr9-3636680-3642116,Chr9,3636680,3642116,5437,10,4638,10,4638,970.8
Uecc|Chr9-3643209-3653408,Chr9,3643209,3653408,10200,21,4548,21,4548,987.6
Uecc|Chr9-3655710-3658345,Chr9,3655710,3658345,2636,4,5228,4,5228,1050.4
Uecc|Chr9-3659065-3672117,Chr9,3659065,3672117,13053,21,5139,21,5139,1176.6
Uecc|Chr9-3675266-3681756,Chr9,3675266,3681756,6491,20,4870,20,4870,1162.8
Uecc|Chr9-3682849-3705604,Chr9,3682849,3705604,22756,50,5054,49,5118,1228.2
Uecc|Chr9-3706978-3728996,Chr9,3706978,3728996,22019,40,4774,40,4774,1134.8
Uecc|Chr9-3730417-3732723,Chr9,3730417,3732723,2307,6,4820,6,4820,1024.4
Uecc|Chr9-3738345-3743753,Chr9,3738345,3743753,5409,16,4649,16,4649,1031.8
Uecc|Chr9-3746273-3754127,Chr9,3746273,3754127,7855,9,5661,9,5661,1148.2
Uecc|Chr9-3754201-3756472,Chr9,3754201,3756472,2272,6,4956,6,4956,1009.2
Uecc|Chr9-3756555-3769327,Chr9,3756555,3769327,12773,22,4855,21,5052,1114.1
Uecc|Chr9-3770414-3781581,Chr9,3770414,3781581,11168,17,4740,17,4740,1042.0
Uecc|Chr9-3782619-3796279,Chr9,3782619,3796279,13661,32,4811,31,4920,1176.9
Uecc|Chr9-3796815-3809106,Chr9,3796815,3809106,12292,18,5814,18,5814,1260.4
Uecc|Chr9-3809697-3816482,Chr9,3809697,3816482,6786,13,4381,13,4381,931.4
Uecc|Chr9-3818469-3820993,Chr9,3818469,3820993,2525,3,4117,3,4117,827.8
Uecc|Chr9-3821331-3834042,Chr9,3821331,3834042,12712,27,4187,24,4572,1024.5
Uecc|Chr9-3834150-3840689,Chr9,3834150,3840689,6540,7,5045,7,5045,1025.8
Uecc|Chr9-3841409-3846078,Chr9,3841409,3846078,4670,7,5418,7,5418,1104.4
Uecc|Chr9-3846197-3856421,Chr9,3846197,3856421,10225,15,4707,14,5002,1011.5
Uecc|Chr9-3857265-3895812,Chr9,3857265,3895812,38548,66,4796,63,5003,1381.7
Uecc|Chr9-3896905-3902549,Chr9,3896905,3902549,5645,13,3917,13,3917,842.6
Uecc|Chr9-3904833-3911618,Chr9,3904833,3911618,6786,9,4941,9,4941,1020.6
Uecc|Chr9-3912056-3926333,Chr9,3912056,3926333,14278,25,5053,25,5053,1129.8
Uecc|Chr9-3928181-3936278,Chr9,3928181,3936278,8098,15,4812,15,4812,1104.8
Uecc|Chr9-3936890-3940610,Chr9,3936890,3940610,3721,4,6612,4,6612,1328.8
Uecc|Chr9-3941179-3949142,Chr9,3941179,3949142,7964,15,5252,15,5252,1202.4
Uecc|Chr9-3952401-3967164,Chr9,3952401,3967164,14764,32,5020,31,5166,1295.2
Uecc|Chr9-3968821-3971210,Chr9,3968821,3971210,2390,8,5584,8,5584,1140.0
Uecc|Chr9-3972253-3983020,Chr9,3972253,3983020,10768,25,4765,25,4765,1124.6
Uecc|Chr9-3984113-3987736,Chr9,3984113,3987736,3624,10,3802,9,4146,828.2
Uecc|Chr9-3991163-3999720,Chr9,3991163,3999720,8558,12,5121,12,5121,1088.6
Uecc|Chr9-3999969-4005336,Chr9,3999969,4005336,5368,11,4886,11,4886,1123.6
Uecc|Chr9-4009919-4010780,Chr9,4009919,4010780,862,2,6542,2,6542,1313.6
Uecc|Chr9-4015389-4022791,Chr9,4015389,4022791,7403,13,4945,13,4945,1028.2
Uecc|Chr9-4024098-4026356,Chr9,4024098,4026356,2259,3,4299,3,4299,864.6
Uecc|Chr9-4031681-4053892,Chr9,4031681,4053892,22212,32,4901,32,4901,1148.2
Uecc|Chr9-4055465-4056648,Chr9,4055465,4056648,1184,2,4282,2,4282,858.4
Uecc|Chr9-5253037-5254642,Chr9,5253037,5254642,1606,6,3146,6,3146,651.2
Uecc|Chr9-5886833-5887753,Chr9,5886833,5887753,921,5,4882,5,4882,989.2
Uecc|Chr9-5894497-5895468,Chr9,5894497,5895468,972,3,6326,3,6326,1270.0
Uecc|Chr9-6125328-6127325,Chr9,6125328,6127325,1998,7,4282,6,4940,943.6
Uecc|Chr9-6672224-6675529,Chr9,6672224,6675529,3306,68,3271,30,5287,3863.0
Uecc|Chr9-6677521-6679310,Chr9,6677521,6679310,1790,6,3662,5,4101,792.9
Uecc|Chr9-7455064-7457189,Chr9,7455064,7457189,2126,32,2379,11,4597,1272.6
Uecc|Chr9-8266775-8271356,Chr9,8266775,8271356,4582,43,4054,36,4691,1669.1
Uecc|Chr9-8272952-8274297,Chr9,8272952,8274297,1346,2,4871,2,4871,977.4
Uecc|Chr9-8808836-8810442,Chr9,8808836,8810442,1607,8,1736,3,3092,528.2
Uecc|Chr9-8862335-8863242,Chr9,8862335,8863242,908,2,4792,2,4792,960.8
Uecc|Chr9-8867256-8868996,Chr9,8867256,8868996,1741,14,3808,12,4251,1049.9
Uecc|Chr9-9025411-9032919,Chr9,9025411,9032919,7509,348,5357,197,7783,72159.4
Uecc|Chr9-9277788-9278952,Chr9,9277788,9278952,1165,2,2554,2,2554,512.8
Uecc|Chr9-10597884-10598717,Chr9,10597884,10598717,834,30,969,8,2297,557.0
Uecc|Chr9-11184801-11187281,Chr9,11184801,11187281,2481,10,2849,4,5148,856.9
Uecc|Chr9-11189463-11190588,Chr9,11189463,11190588,1126,3,3495,3,3495,703.8
Uecc|Chr9-11191336-11193758,Chr9,11191336,11193758,2423,89,2809,38,4590,6164.9
Uecc|Chr9-12341556-12342235,Chr9,12341556,12342235,680,2,3711,2,3711,744.2
Uecc|Chr9-12908813-12910477,Chr9,12908813,12910477,1665,9,3172,9,3172,674.4
Uecc|Chr9-13145728-13146747,Chr9,13145728,13146747,1020,7,4569,7,4569,969.0
Uecc|Chr9-13175070-13176179,Chr9,13175070,13176179,1110,19,1116,2,4670,704.0
Uecc|Chr9-14044400-14047464,Chr9,14044400,14047464,3065,34,3182,15,5206,2397.8
Uecc|Chr9-15741474-15742720,Chr9,15741474,15742720,1247,34,1331,8,3341,1358.8
Uecc|Chr9-16041064-16043411,Chr9,16041064,16043411,2348,10,3614,8,4387,827.7
Uecc|Chr9-16047503-16048741,Chr9,16047503,16048741,1239,5,4932,5,4932,994.4
Uecc|Chr9-16049430-16051322,Chr9,16049430,16051322,1893,21,3663,17,4346,1062.1
Uecc|Chr9-18540635-18542232,Chr9,18540635,18542232,1598,7,4101,7,4101,843.0
Uecc|Chr9-18544537-18546625,Chr9,18544537,18546625,2089,20,3700,19,3879,871.3
Uecc|Chr9-20116771-20117538,Chr9,20116771,20117538,768,24,4730,24,4730,1158.4
Uecc|Chr9-22001058-22002318,Chr9,22001058,22002318,1261,18,1459,5,3011,603.6
Uecc|Chr9-23451980-23456483,Chr9,23451980,23456483,4504,24,4636,24,4636,1110.0
Uecc|Chr9-23783888-23785412,Chr9,23783888,23785412,1525,2,2620,2,2620,526.4
Uecc|Chr9-24927073-24928773,Chr9,24927073,24928773,1701,11,1743,3,4038,631.3
Uecc|Chr9-25639287-25641367,Chr9,25639287,25641367,2081,15,2172,6,3693,824.7
Uecc|Chr9-25876895-25883740,Chr9,25876895,25883740,6846,14,4767,13,5030,1021.9
Uecc|Chr9-25885054-25887030,Chr9,25885054,25887030,1977,5,3814,4,4578,886.2
Uecc|Chr9-27003251-27004203,Chr9,27003251,27004203,953,3,4692,3,4692,941.6
Uecc|Chr9-27023891-27026245,Chr9,27023891,27026245,2355,83,2588,30,4941,3894.7
Uecc|Chr9-27312468-27314878,Chr9,27312468,27314878,2411,13,3503,10,4444,884.1
Uecc|Chr9-27319460-27323605,Chr9,27319460,27323605,4146,7,1950,5,2244,430.6
Uecc|Chr9-27323668-27325250,Chr9,27323668,27325250,1583,9,2244,6,3152,577.4
Uecc|Chr9-27393745-27396993,Chr9,27393745,27396993,3249,78,4417,74,4634,5862.7
Uecc|Chr9-27407418-27409598,Chr9,27407418,27409598,2181,130,3985,101,4795,13556.2
Uecc|Chr9-27414245-27418341,Chr9,27414245,27418341,4097,3,2898,2,3502,643.8
Uecc|Chr9-27418743-27423087,Chr9,27418743,27423087,4345,245,3068,123,4817,34471.7
Uecc|Chr9-27423924-27424890,Chr9,27423924,27424890,967,11,4540,8,5148,975.8
Uecc|Chr9-27425873-27425973,Chr9,27425873,27425973,101,9,5195,7,5482,1072.9
Uecc|Chr9-27430182-27433429,Chr9,27430182,27433429,3248,89,4527,81,4751,7579.8
Uecc|Chr9-27443854-27447102,Chr9,27443854,27447102,3249,68,4286,65,4466,4883.0
Uecc|Chr10-473903-475268,Chr10,473903,475268,1366,25,1663,9,3154,729.3
Uecc|Chr10-613265-614525,Chr10,613265,614525,1261,13,1713,5,3048,541.3
Uecc|Chr10-1158412-1159439,Chr10,1158412,1159439,1028,10,976,2,1960,330.4
Uecc|Chr10-1888503-1889910,Chr10,1888503,1889910,1408,4,1620,2,2198,391.4
Uecc|Chr10-6372027-6372395,Chr10,6372027,6372395,369,3,4008,3,4008,805.6
Uecc|Chr10-6605960-6607242,Chr10,6605960,6607242,1283,7,2039,3,3272,573.1
Uecc|Chr10-6831467-6833331,Chr10,6831467,6833331,1865,23,4238,23,4238,979.2
Uecc|Chr10-7083171-7083786,Chr10,7083171,7083786,616,2,4763,2,4763,955.0
Uecc|Chr10-7274424-7275709,Chr10,7274424,7275709,1286,23,1322,5,3409,642.7
Uecc|Chr10-7716935-7717802,Chr10,7716935,7717802,868,6,2514,3,4250,733.0
Uecc|Chr10-8452031-8454273,Chr10,8452031,8454273,2243,13,2853,8,4187,832.6
Uecc|Chr10-8454870-8457701,Chr10,8454870,8457701,2832,67,4651,63,4671,3804.6
Uecc|Chr10-8461401-8463702,Chr10,8461401,8463702,2302,40,3916,29,4598,971.2
Uecc|Chr10-8464296-8467565,Chr10,8464296,8467565,3270,60,4625,56,4646,3124.3
Uecc|Chr10-10536912-10538545,Chr10,10536912,10538545,1634,19,4767,18,5016,1252.1
Uecc|Chr10-10557057-10560469,Chr10,10557057,10560469,3413,24,4232,24,4232,1043.6
Uecc|Chr10-10561041-10562305,Chr10,10561041,10562305,1265,8,4341,8,4341,892.6
Uecc|Chr10-11314049-11315862,Chr10,11314049,11315862,1814,2,2620,2,2620,526.4
Uecc|Chr10-11316289-11328513,Chr10,11316289,11328513,12225,23,4742,17,5543,1158.9
Uecc|Chr10-11474172-11486395,Chr10,11474172,11486395,12224,22,4836,17,5537,1193.9
Uecc|Chr10-11486822-11493431,Chr10,11486822,11493431,6610,199,3873,164,4438,19047.3
Uecc|Chr10-12291409-12291628,Chr10,12291409,12291628,220,2,4545,2,4545,911.0
Uecc|Chr10-12367161-12369384,Chr10,12367161,12369384,2224,27,4182,24,4598,1669.4
Uecc|Chr10-12372835-12374049,Chr10,12372835,12374049,1215,2,2289,2,2289,461.0
Uecc|Chr10-14715478-14716827,Chr10,14715478,14716827,1350,16,1434,3,4415,647.9
Uecc|Chr10-15478658-15479108,Chr10,15478658,15479108,451,6,4766,6,4766,968.4
Uecc|Chr10-16618227-16619816,Chr10,16618227,16619816,1590,30,1711,11,3091,1122.4
Uecc|Chr10-16627625-16629255,Chr10,16627625,16629255,1631,8,4467,8,4467,916.2
Uecc|Chr10-19090096-19091424,Chr10,19090096,19091424,1329,7,1517,2,3372,507.9
Uecc|Chr10-20010913-20012809,Chr10,20010913,20012809,1897,2,7067,2,7067,1417.8
Uecc|Chr10-20181021-20182111,Chr10,20181021,20182111,1091,2,4501,2,4501,902.2
Uecc|Chr10-20187551-20190571,Chr10,20187551,20190571,3021,288,2934,127,4570,56801.8
Uecc|Chr10-21144281-21147118,Chr10,21144281,21147118,2838,12,4490,12,4490,958.4
Uecc|Chr10-21147545-21154038,Chr10,21147545,21154038,6494,90,4235,83,4554,5870.7
Uecc|Chr10-22304410-22305894,Chr10,22304410,22305894,1485,154,1576,42,3694,9429.4
Uecc|Chr10-22992754-22994418,Chr10,22992754,22994418,1665,8,3000,8,3000,632.4
Uecc|Chr10-23233024-23235117,Chr10,23233024,23235117,2094,5,1594,2,3081,476.9
Uecc|Chr11-1144091-1145247,Chr11,1144091,1145247,1157,19,2044,9,3636,732.4
Uecc|Chr11-1151832-1152109,Chr11,1151832,1152109,278,2,4394,2,4394,880.8
Uecc|Chr11-5005430-5006321,Chr11,5005430,5006321,892,5,749,2,964,180.3
Uecc|Chr11-5013095-5013910,Chr11,5013095,5013910,816,4,4644,4,4644,934.8
Uecc|Chr11-5099067-5100444,Chr11,5099067,5100444,1378,9,4048,7,5048,947.2
Uecc|Chr11-5101328-5103694,Chr11,5101328,5103694,2367,7,4903,7,4903,1019.8
Uecc|Chr11-7570251-7571605,Chr11,7570251,7571605,1355,2,4414,2,4414,885.6
Uecc|Chr11-7877787-7879562,Chr11,7877787,7879562,1776,15,4499,14,4802,1069.1
Uecc|Chr11-7879624-7881054,Chr11,7879624,7881054,1431,2,5994,2,5994,1200.8
Uecc|Chr11-7882244-7885060,Chr11,7882244,7885060,2817,50,3981,49,4036,2421.9
Uecc|Chr11-7887079-7890654,Chr11,7887079,7890654,3576,29,4356,29,4356,1450.0
Uecc|Chr11-12203082-12210143,Chr11,12203082,12210143,7062,82,3923,77,4119,2855.6
Uecc|Chr11-12212174-12215737,Chr11,12212174,12215737,3564,8,3669,5,5448,933.9
Uecc|Chr11-12295973-12297505,Chr11,12295973,12297505,1533,9,1743,3,3368,559.1
Uecc|Chr11-17477051-17479716,Chr11,17477051,17479716,2666,1044,2899,458,4578,342388.5
Uecc|Chr11-19650538-19652200,Chr11,19650538,19652200,1663,18,1738,6,3488,672.2
Uecc|Chr11-19672007-19673790,Chr11,19672007,19673790,1784,37,1980,11,4419,1716.7
Uecc|Chr11-22091425-22091982,Chr11,22091425,22091982,558,7,4404,7,4404,900.8
Uecc|Chr11-22142360-22142630,Chr11,22142360,22142630,271,7,4456,7,4456,914.0
Uecc|Chr11-24074300-24075862,Chr11,24074300,24075862,1563,6,1098,2,2290,349.2
Uecc|Chr11-24780821-24782661,Chr11,24780821,24782661,1841,3,5532,2,8160,1373.0
Uecc|Chr11-25715541-25715898,Chr11,25715541,25715898,358,7,4977,7,4977,1015.8
Uecc|Chr11-27016569-27017720,Chr11,27016569,27017720,1152,6,4778,6,4778,992.4
Uecc|Chr11-27323490-27323758,Chr11,27323490,27323758,269,4,4933,4,4933,992.2
Uecc|Chr11-27328187-27330407,Chr11,27328187,27330407,2221,4,3522,4,3522,709.2
Uecc|Chr11-29581779-29582150,Chr11,29581779,29582150,372,3,4008,3,4008,805.6
Uecc|Chr11-29590216-29591254,Chr11,29590216,29591254,1039,2,3346,2,3346,674.4
Uecc|Chr11-29595956-29598037,Chr11,29595956,29598037,2082,24,2472,9,4708,1452.2
Uecc|Chr11-29599049-29603064,Chr11,29599049,29603064,4016,41,3857,35,4327,2254.8
Uecc|Chr11-30485596-30486325,Chr11,30485596,30486325,730,6,4135,6,4135,847.0
Uecc|Chr11-30491302-30492567,Chr11,30491302,30492567,1266,2,2300,2,2300,462.4
Uecc|Chr11-30495997-30498187,Chr11,30495997,30498187,2191,41,2533,15,4898,2101.5
Uecc|Chr12-48732-51836,Chr12,48732,51836,3105,3,4399,3,4399,884.6
Uecc|Chr12-1145904-1146729,Chr12,1145904,1146729,826,4,4472,2,8489,1303.3
Uecc|Chr12-1721739-1723190,Chr12,1721739,1723190,1452,10,4912,10,4912,1061.6
Uecc|Chr12-1726101-1727111,Chr12,1726101,1727111,1011,3,4047,3,4047,815.8
Uecc|Chr12-1727527-1730018,Chr12,1727527,1730018,2492,14,4192,14,4192,1049.6
Uecc|Chr12-5665247-5669302,Chr12,5665247,5669302,4056,199,4017,167,4588,20774.9
Uecc|Chr12-6410916-6411995,Chr12,6410916,6411995,1080,6,1524,2,2950,467.0
Uecc|Chr12-6413220-6414474,Chr12,6413220,6414474,1255,17,1073,3,2559,452.8
Uecc|Chr12-7035846-7037374,Chr12,7035846,7037374,1529,27,1568,9,3306,757.4
Uecc|Chr12-7037568-7038588,Chr12,7037568,7038588,1021,2,4512,2,4512,904.4
Uecc|Chr12-7039796-7042305,Chr12,7039796,7042305,2510,4,5054,4,5054,1017.6
Uecc|Chr12-8133411-8136004,Chr12,8133411,8136004,2594,64,2825,30,4320,2784.5
Uecc|Chr12-11924472-11925729,Chr12,11924472,11925729,1258,13,1388,4,2804,530.2
Uecc|Chr12-12577013-12579343,Chr12,12577013,12579343,2331,717,2474,279,4328,187771.4
Uecc|Chr12-12644524-12647242,Chr12,12644524,12647242,2719,21,3481,10,5380,1863.1
Uecc|Chr12-13216116-13219357,Chr12,13216116,13219357,3242,246,2300,77,5057,28131.5
Uecc|Chr12-13801648-13802009,Chr12,13801648,13802009,362,7,6707,6,7777,1464.2
Uecc|Chr12-15498785-15499497,Chr12,15498785,15499497,713,2,4483,2,4483,898.6
Uecc|Chr12-15721543-15723465,Chr12,15721543,15723465,1923,9,3497,9,3497,757.4
Uecc|Chr12-15725982-15727471,Chr12,15725982,15727471,1490,5,2939,5,2939,595.0
Uecc|Chr12-16502481-16503494,Chr12,16502481,16503494,1014,192,1235,48,3048,12553.9
Uecc|Chr12-16665255-16667896,Chr12,16665255,16667896,2642,86,2957,38,4599,8038.4
Uecc|Chr12-18709157-18709474,Chr12,18709157,18709474,318,2,5514,2,5514,1106.4
Uecc|Chr12-18710154-18711380,Chr12,18710154,18711380,1227,4,5158,4,5158,1037.2
Uecc|Chr12-18917856-18919099,Chr12,18917856,18919099,1244,13,1500,4,3520,559.0
Uecc|Chr12-20130839-20132434,Chr12,20130839,20132434,1596,645,1822,126,6118,74405.0
Uecc|Chr12-20968621-20977138,Chr12,20968621,20977138,8518,27,7471,22,9050,1921.9
Uecc|Chr12-20987857-20989028,Chr12,20987857,20989028,1172,73,3224,49,4514,2776.6
Uecc|Chr12-20994022-20998898,Chr12,20994022,20998898,4877,2958,3252,1847,4551,970113.3
Uecc|Chr12-21045321-21048759,Chr12,21045321,21048759,3439,11,2885,4,5468,889.9
Uecc|Chr12-21070297-21072353,Chr12,21070297,21072353,2057,5,2481,3,3864,644.5
Uecc|Chr12-21074339-21076256,Chr12,21074339,21076256,1918,267,2259,102,4268,28935.3
Uecc|Chr12-21076457-21081159,Chr12,21076457,21081159,4703,2961,3463,2001,4656,972819.1
Uecc|Chr12-21123597-21131471,Chr12,21123597,21131471,7875,109,4800,74,6401,7439.9
Uecc|Chr12-21138148-21144951,Chr12,21138148,21144951,6804,20,6184,15,7448,1531.8
Uecc|Chr12-21149132-21155548,Chr12,21149132,21155548,6417,1995,6108,1730,6911,874613.7
Uecc|Chr12-21158029-21161951,Chr12,21158029,21161951,3923,10,2565,3,6107,930.2
Uecc|Chr12-21168628-21173560,Chr12,21168628,21173560,4933,215,5968,158,7474,24655.6
Uecc|Chr12-21219039-21223004,Chr12,21219039,21223004,3966,2,4444,2,4444,891.2
Uecc|Chr12-21244987-21252861,Chr12,21244987,21252861,7875,109,5488,86,6450,7769.6
Uecc|Chr12-21272265-21280895,Chr12,21272265,21280895,8631,31,6510,20,8991,1912.7
Uecc|Chr12-21288672-21295087,Chr12,21288672,21295087,6416,2021,4031,993,6361,882253.2
Uecc|Chr12-21298007-21301187,Chr12,21298007,21301187,3181,2,5796,2,5796,1162.8
Uecc|Chr12-21303989-21308921,Chr12,21303989,21308921,4933,213,5468,137,7499,24618.3
Uecc|Chr12-21323098-21327388,Chr12,21323098,21327388,4291,53,3279,17,7102,3600.9
Uecc|Chr12-21342798-21350439,Chr12,21342798,21350439,7642,105,5181,81,6433,7175.8
Uecc|Chr12-21367941-21375241,Chr12,21367941,21375241,7301,24,8060,22,8531,1907.5
Uecc|Chr12-22842829-22844366,Chr12,22842829,22844366,1538,6,1878,2,3520,559.4
Uecc|Chr12-23236338-23239032,Chr12,23236338,23239032,2695,33,2477,14,4044,1319.1
Uecc|Chr12-23239711-23241986,Chr12,23239711,23241986,2276,27,2892,13,4600,1048.8
Uecc|Chr12-23370353-23372577,Chr12,23370353,23372577,2225,34,4349,33,4465,1465.6
Uecc|Chr12-23372854-23376625,Chr12,23372854,23376625,3772,8,3530,8,3530,731.2
Uecc|Chr12-23424086-23425070,Chr12,23424086,23425070,985,8,904,3,1683,278.5
Uecc|Chr12-23677762-23679843,Chr12,23677762,23679843,2082,13,4558,12,4913,1386.9
Uecc|Chr12-23680854-23683369,Chr12,23680854,23683369,2516,108,2402,41,4272,9155.6
Uecc|Chr12-25890574-25892885,Chr12,25890574,25892885,2312,22,2582,8,4718,1784.0
Uecc|Chr12-25903778-25904428,Chr12,25903778,25904428,651,11,3908,11,3908,851.2
Uecc|Chr12-25972427-25975592,Chr12,25972427,25975592,3166,28,4294,28,4294,1104.4
Uecc|Chr12-26083587-26084839,Chr12,26083587,26084839,1253,9,3304,7,4175,777.5
Uecc|Chr12-26087438-26090696,Chr12,26087438,26090696,3259,63,4657,63,4657,4229.8
Uecc|Chr12-26092509-26093105,Chr12,26092509,26093105,597,2,2696,2,2696,546.4
Uecc|Chr12-26093432-26094734,Chr12,26093432,26094734,1303,2,3764,2,3764,757.6
Uecc|Chr12-27236561-27238888,Chr12,27236561,27238888,2328,107,2609,45,4343,10388.0
Uecc|Chr12-27312508-27312901,Chr12,27312508,27312901,394,3,3960,3,3960,795.6
Uecc|Chr12-27680233-27682737,Chr12,27680233,27682737,2505,12,2436,3,5920,881.8
